date,sunrise,sunset,daylength,daylength_diff,astro_twilight_start,astro_twilight_end,nautical_twilight_start,nautical_twilight_end,civil_twilight_start,civil_twilight_end,solar_noon_time,solar_noon_dist,temp_c_max,temp_c_min,grass_temp_c_min,earth_temp_c,sun_hours,rain_mm,wind_direction,wind_mean_mph,wind_max_mph,cloud_cover,pressure_mb_mean,humid_mean,temp_c_mean,fog_vis_1000,fog_vis_200,snow,snow_lying,hail,thunder,date.1,snow_mm
2011-12-01,07:43,15:55,08:11:59,-2:05,05:41:00,17:56:00,06:22:00,17:16:00,07:04:00,16:34:00,11:49,147.52,9.5,8.6,7.4,8.3,1.5,0.1,W,6.1,32,8,1006,84.1,8.6,0,0,0,0,0,0,1,
2011-12-02,07:44,15:54,08:09:58,-2:00,05:42:00,17:56:00,06:23:00,17:16:00,07:05:00,16:33:00,11:49,147.495,10.5,2.3,-1,8,4.7,2.1,SW,8.3,34,0,1010.6,86.2,4.9,0,0,0,0,0,0,2,
2011-12-03,07:45,15:54,08:08:02,-1:55,05:44:00,17:55:00,06:24:00,17:15:00,07:06:00,16:33:00,11:50,147.471,10.8,6.8,5.6,7.7,6.2,0,W,11.8,35,3,1001.6,80.9,8.8,0,0,0,0,0,0,3,
2011-12-04,07:47,15:53,08:06:12,-1:50,05:45:00,17:55:00,06:25:00,17:15:00,07:08:00,16:32:00,11:50,147.448,8.1,6,4.2,7.5,0.4,0.7,SW,9.9,33,8,999.5,81,6.2,0,0,0,0,0,0,4,
2011-12-05,07:48,15:53,08:04:27,-1:45,05:46:00,17:55:00,06:26:00,17:15:00,07:09:00,16:32:00,11:51,147.425,6,1.5,-0.9,6.8,3.6,0,SW,11.5,29,0,1004.1,81,3.2,0,0,0,0,0,0,5,
2011-12-06,07:49,15:52,08:02:47,-1:39,05:47:00,17:55:00,06:27:00,17:14:00,07:10:00,16:32:00,11:51,147.403,8,2.1,0.2,6,4.3,1.7,W,11,26,1,1005.3,83.6,4,0,0,0,0,0,0,6,
2011-12-07,07:51,15:52,08:01:12,-1:34,05:48:00,17:55:00,06:28:00,17:14:00,07:11:00,16:31:00,11:51,147.382,8.6,4,2.5,6,5,0.1,W,14.8,40,0,1006.7,75.2,5.9,0,0,0,0,0,0,7,
2011-12-08,07:52,15:52,07:59:44,-1:28,05:49:00,17:54:00,06:29:00,17:14:00,07:12:00,16:31:00,11:52,147.361,12.3,3.6,1.3,5.7,0.2,4.7,S,15.2,43,8,1007.9,83.2,7.7,0,0,0,0,0,0,8,
2011-12-09,07:53,15:51,07:58:21,-1:22,05:50:00,17:54:00,06:30:00,17:14:00,07:13:00,16:31:00,11:52,147.342,6.8,2.5,0.7,6.2,5.3,0.2,SW,11.3,30,0,1008.8,77.7,3.7,0,0,0,0,0,0,9,
2011-12-10,07:54,15:51,07:57:04,-1:17,05:51:00,17:54:00,06:31:00,17:14:00,07:14:00,16:31:00,11:53,147.323,5.5,0.5,-1.9,5.2,6.3,0,SW,8.3,19,1,1014.1,82.7,2.3,0,0,0,0,0,0,10,
2011-12-11,07:55,15:51,07:55:52,-1:11,05:52:00,17:54:00,06:32:00,17:14:00,07:15:00,16:31:00,11:53,147.305,8,2.5,0.9,4.8,0,3.6,S,9.6,29,8,1005.9,89,5.8,0,0,0,0,0,0,11,
2011-12-12,07:56,15:51,07:54:47,-1:05,05:52:00,17:55:00,06:33:00,17:14:00,07:16:00,16:31:00,11:54,147.289,11.4,2,0.2,5.5,6,10,SW,11.5,43,0,1000.3,87.7,5.5,0,0,0,0,0,0,12,
2011-12-13,07:57,15:51,07:53:48,-0:59,05:53:00,17:55:00,06:34:00,17:14:00,07:17:00,16:31:00,11:54,147.273,6.5,4.2,2.1,6,3.9,1.8,SW,15.7,49,4,988,84.8,5.9,0,0,0,0,0,0,13,
2011-12-14,07:58,15:51,07:52:55,-0:52,05:54:00,17:55:00,06:35:00,17:14:00,07:18:00,16:31:00,11:55,147.257,5.7,2.3,0.6,5.5,2.6,2.8,SW,12.1,31,3,992.6,83.7,3.8,0,0,0,0,0,0,14,
2011-12-15,07:59,15:51,07:52:09,-0:46,05:55:00,17:55:00,06:36:00,17:14:00,07:19:00,16:31:00,11:55,147.243,6.9,1.5,-0.3,5,3.2,6.3,W,10.5,33,7,994.9,85.2,4.6,0,0,0,0,0,0,15,
2011-12-16,08:00,15:51,07:51:29,-0:40,05:56:00,17:55:00,06:36:00,17:14:00,07:19:00,16:31:00,11:55,147.23,2.9,0.1,-0.2,5,0.1,3.1,NW,7.7,23,8,988.2,93.7,1.9,1,0,1,1,0,0,16,
2011-12-17,08:00,15:51,07:50:55,-0:33,05:56:00,17:56:00,06:37:00,17:15:00,07:20:00,16:32:00,11:56,147.217,4.3,-0.4,-2.2,4.5,2.2,0.2,SW,8.4,21,7,1007.5,90.9,1.8,0,0,0,0,0,0,17,
2011-12-18,08:01,15:52,07:50:27,-0:27,05:57:00,17:56:00,06:38:00,17:15:00,07:21:00,16:32:00,11:56,147.205,3.5,-1.7,-4,4.2,1.7,0.3,W,6.9,22,7,1015.4,90.8,0.3,0,0,1,0,0,0,18,
2011-12-19,08:02,15:52,07:50:06,-0:20,05:58:00,17:56:00,06:38:00,17:15:00,07:22:00,16:32:00,11:57,147.194,6.5,-1.3,-4.2,3.8,0,3.8,SW,8.4,24,8,1012.8,93.4,3.1,0,0,0,0,0,0,19,
2011-12-20,08:02,15:52,07:49:52,-0:14,05:58:00,17:57:00,06:39:00,17:16:00,07:22:00,16:33:00,11:57,147.184,8.1,4,1.5,4.2,3,4.3,W,9.1,23,0,1013.9,87.7,5.5,0,0,0,0,0,0,20,
2011-12-21,08:03,15:53,07:49:44,-0:07,05:59:00,17:57:00,06:40:00,17:16:00,07:23:00,16:33:00,11:58,147.174,11.1,4.8,4.3,4.8,0,0.2,W,7.5,20,8,1016.8,96.1,8.6,1,0,0,0,0,0,21,
2011-12-22,08:04,15:53,07:49:42,-0:01,05:59:00,17:58:00,06:40:00,17:17:00,07:23:00,16:34:00,11:58,147.164,11,8.2,6.1,6,6.6,0,SW,10.4,26,3,1023.1,89.8,9.5,0,0,0,0,0,0,22,
2011-12-23,08:04,15:54,07:49:47,+0:05,06:00:00,17:58:00,06:41:00,17:17:00,07:24:00,16:34:00,11:59,147.156,11.1,9.8,8.1,6.4,0.8,6.6,SW,12.2,31,5,1015.8,87.4,8.6,0,0,0,0,0,0,23,
2011-12-24,08:04,15:54,07:49:59,+0:11,06:00:00,17:59:00,06:41:00,17:18:00,07:24:00,16:35:00,11:59,147.148,9.7,1.6,-0.6,6.1,0.3,0.3,SW,10.2,26,6,1026.3,87,4.9,0,0,0,0,0,0,24,
2011-12-25,08:05,15:55,07:50:17,+0:18,06:01:00,17:59:00,06:41:00,17:19:00,07:25:00,16:35:00,12:00,147.14,12,6.9,5.6,6,1.4,0,SW,14.4,34,5,1026.1,87.3,10.2,0,0,0,0,0,0,25,
2011-12-26,08:05,15:56,07:50:42,+0:24,06:01:00,18:00:00,06:42:00,17:19:00,07:25:00,16:36:00,12:00,147.133,13.7,10.9,8.8,7,1.9,0,SW,11.8,32,7,1031.2,84.1,11.3,0,0,0,0,0,0,26,
2011-12-27,08:05,15:57,07:51:13,+0:31,06:01:00,18:01:00,06:42:00,17:20:00,07:25:00,16:37:00,12:01,147.126,10.5,9,8.4,7.5,0.2,0,SW,7.3,30,6,1031.3,78.2,9.2,0,0,0,0,0,0,27,
2011-12-28,08:06,15:57,07:51:50,+0:37,06:01:00,18:01:00,06:42:00,17:21:00,07:25:00,16:38:00,12:01,147.12,10.2,6.8,5,7.5,2.6,0.1,SW,13.1,31,7,1019.1,78.9,7.8,0,0,0,0,0,0,28,
2011-12-29,08:06,15:58,07:52:34,+0:43,06:02:00,18:02:00,06:42:00,17:21:00,07:26:00,16:38:00,12:02,147.115,8.5,4.5,2.6,6.8,0.2,2.4,SW,14.1,35,8,1017.8,80.6,6.1,0,0,0,0,0,0,29,
2011-12-30,08:06,15:59,07:53:25,+0:50,06:02:00,18:03:00,06:43:00,17:22:00,07:26:00,16:39:00,12:02,147.11,11.1,3.6,1.4,6.4,0.2,4.7,W,9.1,26,7,1015.1,89,5.6,0,0,0,0,0,0,30,
2011-12-31,08:06,16:00,07:54:21,+0:56,06:02:00,18:04:00,06:43:00,17:23:00,07:26:00,16:40:00,12:03,147.106,12.4,7.7,7.6,6.8,0.7,0.3,SW,11.4,27,8,1008,92.6,11,0,0,0,0,0,0,31,
2012-01-01,08:06,16:01,07:55:24,+1:02,06:02:00,18:05:00,06:43:00,17:24:00,07:26:00,16:41:00,12:03,147.102,11.8,10.9,9,7.7,0.1,1.5,S,9.3,27,8,1003.1,88.3,10.6,0,0,0,0,0,0,1,
2012-01-02,08:06,16:02,07:56:32,+1:08,06:02:00,18:06:00,06:43:00,17:25:00,07:26:00,16:42:00,12:04,147.1,11.9,3.5,1.6,7.5,6.4,2.2,SW,11.5,29,1,1006.7,82.8,5,0,0,0,0,0,0,2,
2012-01-03,08:05,16:03,07:57:47,+1:14,06:02:00,18:07:00,06:43:00,17:26:00,07:26:00,16:43:00,12:04,147.098,12.1,4.2,3.5,6.5,1,4.8,SW,18,51,8,1000,84.7,7.4,0,0,0,0,0,0,3,
2012-01-04,08:05,16:04,07:59:08,+1:20,06:02:00,18:07:00,06:43:00,17:27:00,07:26:00,16:44:00,12:05,147.097,10.9,4,1.8,6.3,0,4.8,SW,16.5,44,7,1010.9,80.2,6.3,0,0,0,0,0,0,4,
2012-01-05,08:05,16:06,08:00:34,+1:26,06:02:00,18:08:00,06:43:00,17:28:00,07:25:00,16:45:00,12:05,147.097,8.5,5.7,4,6.6,2.6,0.2,NW,16.3,50,7,1002.8,80.3,7.5,0,0,0,0,0,0,5,
2012-01-06,08:05,16:07,08:02:07,+1:32,06:02:00,18:10:00,06:43:00,17:29:00,07:25:00,16:46:00,12:06,147.098,9.9,1.5,-1,6,6.4,0.5,W,8.7,28,1,1022.2,87.7,5.1,0,0,0,0,0,0,6,
2012-01-07,08:04,16:08,08:03:45,+1:37,06:02:00,18:11:00,06:42:00,17:30:00,07:25:00,16:48:00,12:06,147.1,9,7.4,4.2,6,0.4,0,W,10.5,29,7,1020.2,78.7,8.1,0,0,0,0,0,0,7,
2012-01-08,08:04,16:09,08:05:28,+1:43,06:02:00,18:12:00,06:42:00,17:31:00,07:25:00,16:49:00,12:07,147.103,9.4,7,6.1,6.4,0.1,,NW,7.7,19,8,1025.3,81.1,8,0,0,0,0,0,0,8,
2012-01-09,08:03,16:11,08:07:17,+1:48,06:01:00,18:13:00,06:42:00,17:32:00,07:24:00,16:50:00,12:07,147.106,11.5,6.9,5,6.7,0.6,0,SW,7.5,22,7,1028.4,85.8,9.3,0,0,0,0,0,0,9,
2012-01-10,08:03,16:12,08:09:11,+1:54,06:01:00,18:14:00,06:41:00,17:34:00,07:24:00,16:51:00,12:07,147.111,10.5,7.7,5.2,7.2,1,0,SW,7.5,26,8,1031.8,87.5,8.9,0,0,0,0,0,0,10,
2012-01-11,08:02,16:13,08:11:11,+1:59,06:01:00,18:15:00,06:41:00,17:35:00,07:23:00,16:53:00,12:08,147.117,11.5,6.9,5,7.1,5,0,SW,9.3,22,0,1031.2,88.2,8.6,0,0,0,0,0,0,11,
2012-01-12,08:02,16:15,08:13:15,+2:04,06:00:00,18:16:00,06:41:00,17:36:00,07:23:00,16:54:00,12:08,147.123,11.5,7.5,5.7,7.1,4.3,0,SW,10.6,31,8,1026.1,84.5,7.9,0,0,0,0,0,0,12,
2012-01-13,08:01,16:16,08:15:25,+2:09,06:00:00,18:17:00,06:40:00,17:37:00,07:22:00,16:55:00,12:09,147.131,5.8,0.6,-2.9,6.4,6.4,0,W,2.8,13,5,1032.4,88.9,2.1,0,0,0,0,0,0,13,
2012-01-14,08:00,16:18,08:17:39,+2:14,06:00:00,18:19:00,06:40:00,17:39:00,07:22:00,16:57:00,12:09,147.139,5,-3.1,-7.3,5,6.8,0,CALM,1,11,0,1029.8,89.9,-0.2,0,0,0,0,0,0,14,
2012-01-15,07:59,16:19,08:19:58,+2:18,05:59:00,18:20:00,06:39:00,17:40:00,07:21:00,16:58:00,12:09,147.149,5.6,-0.2,-5,4.2,3.7,0,SE,1.9,16,7,1025,84.3,2.1,0,0,0,0,0,0,15,
2012-01-16,07:59,16:21,08:22:21,+2:23,05:58:00,18:21:00,06:38:00,17:41:00,07:20:00,16:59:00,12:10,147.159,6.5,-2.1,-7,3.9,7,0,SE,2.2,12,0,1025.7,86.8,0.8,0,0,0,0,0,0,16,
2012-01-17,07:58,16:23,08:24:49,+2:27,05:58:00,18:22:00,06:38:00,17:43:00,07:19:00,17:01:00,12:10,147.169,8,-1,-5.8,3.4,4.4,0.4,S,4.6,22,2,1026.9,84.6,1.7,0,0,0,0,0,0,17,
2012-01-18,07:57,16:24,08:27:21,+2:32,05:57:00,18:24:00,06:37:00,17:44:00,07:19:00,17:02:00,12:10,147.181,11.3,2,-0.3,3.3,0,12.4,S,9.9,30,8,1022.2,95.2,8.3,0,0,0,0,0,0,18,
2012-01-19,07:56,16:26,08:29:58,+2:36,05:57:00,18:25:00,06:36:00,17:45:00,07:18:00,17:04:00,12:11,147.193,8.5,6,5.4,5,2.6,0.9,W,8.4,33,8,1017.1,90.6,7.3,0,0,0,0,0,0,19,
2012-01-20,07:55,16:27,08:32:38,+2:40,05:56:00,18:27:00,06:35:00,17:47:00,07:17:00,17:05:00,12:11,147.206,10.5,3,0.8,5,0,6.1,W,11.2,27,8,1017.3,89.2,6,0,0,0,0,0,0,20,
2012-01-21,07:54,16:29,08:35:22,+2:44,05:55:00,18:28:00,06:35:00,17:48:00,07:16:00,17:07:00,12:11,147.219,11.4,7.2,6.1,5.6,1.5,0.7,W,12.6,37,6,1010.4,84.1,8.6,0,0,0,0,0,0,21,
2012-01-22,07:53,16:31,08:38:10,+2:47,05:54:00,18:29:00,06:34:00,17:50:00,07:15:00,17:08:00,12:11,147.233,10.4,4.9,2.8,5.8,2.3,0,SW,13.5,40,4,1012.5,75.9,6.9,0,0,0,0,0,0,22,
2012-01-23,07:51,16:32,08:41:01,+2:51,05:53:00,18:31:00,06:33:00,17:51:00,07:14:00,17:10:00,12:12,147.247,8.1,4.4,2.7,5.5,3.6,1.3,W,7.6,20,7,1017.6,82.5,5.2,0,0,0,0,0,0,23,
2012-01-24,07:50,16:34,08:43:56,+2:55,05:52:00,18:32:00,06:32:00,17:53:00,07:13:00,17:12:00,12:12,147.262,9.5,1.6,-1.6,5,0.1,2,S,6.2,25,8,1018.1,93.4,5.6,0,0,0,0,0,0,24,
2012-01-25,07:49,16:36,08:46:55,+2:58,05:52:00,18:34:00,06:31:00,17:54:00,07:12:00,17:13:00,12:12,147.277,9.4,8.1,7.2,5.9,0,3.8,SW,7.4,31,8,1013.8,90.4,8.7,0,0,0,0,0,0,25,
2012-01-26,07:48,16:38,08:49:56,+3:01,05:51:00,18:35:00,06:30:00,17:56:00,07:11:00,17:15:00,12:12,147.293,8.2,5.4,4.6,6.5,3.9,0.3,S,8.8,30,7,1007.7,86.5,5.8,0,0,0,0,0,0,26,
2012-01-27,07:46,16:39,08:53:01,+3:04,05:50:00,18:36:00,06:29:00,17:57:00,07:10:00,17:16:00,12:13,147.309,7.7,1.4,-0.5,5.7,7.1,0.8,SW,8.6,22,0,1017.8,85.3,3.8,0,0,0,0,0,0,27,
2012-01-28,07:45,16:41,08:56:09,+3:07,05:48:00,18:38:00,06:28:00,17:59:00,07:08:00,17:18:00,12:13,147.326,6.1,2,-0.1,5.3,0.7,0.1,N,2.4,14,8,1028.2,91.1,3.3,0,0,0,0,0,0,28,
2012-01-29,07:44,16:43,08:59:19,+3:10,05:47:00,18:39:00,06:27:00,18:00:00,07:07:00,17:20:00,12:13,147.344,3.4,0.3,-1.9,5,0,0,N,1.3,12,8,1030.7,93.9,1.7,1,1,0,0,0,0,29,
2012-01-30,07:42,16:45,09:02:32,+3:13,05:46:00,18:41:00,06:25:00,18:02:00,07:06:00,17:21:00,12:13,147.362,3.5,0,-1.9,5,0.1,0,E,1.3,11,8,1025.9,89.2,1.4,0,0,1,0,0,0,30,
2012-01-31,07:41,16:47,09:05:48,+3:15,05:45:00,18:42:00,06:24:00,18:03:00,07:04:00,17:23:00,12:13,147.381,1.8,-0.5,-2.9,4.8,0.8,,E,2.9,15,8,1026.6,89.7,0.2,0,0,0,0,0,0,31,
2012-02-01,07:39,16:48,09:09:06,+3:18,05:44:00,18:44:00,06:23:00,18:05:00,07:03:00,17:25:00,12:14,147.4,2.5,-5.1,-9.1,4.2,7.9,0,NE,4.7,21,0,1033.7,79,-1.9,0,0,0,0,0,0,1,
2012-02-02,07:38,16:50,09:12:27,+3:20,05:43:00,18:46:00,06:22:00,18:06:00,07:02:00,17:26:00,12:14,147.42,1.4,-6.1,-9.7,3.5,7.3,0,NE,4.2,21,1,1036.5,73.3,-2.8,0,0,0,0,0,0,2,
2012-02-03,07:36,16:52,09:15:50,+3:22,05:41:00,18:47:00,06:20:00,18:08:00,07:00:00,17:28:00,12:14,147.441,2,-7,-11,2.9,6.9,0,NE,2.3,18,2,1039,83.2,-3.2,0,0,0,0,0,0,3,
2012-02-04,07:35,16:54,09:19:15,+3:25,05:40:00,18:49:00,06:19:00,18:10:00,06:59:00,17:30:00,12:14,147.463,-0.3,-6.4,-10.7,2.5,1.3,13,NW,6.5,28,0,1034.6,87,-2.9,0,0,1,0,0,0,4,
2012-02-05,07:33,16:56,09:22:42,+3:27,05:39:00,18:50:00,06:17:00,18:11:00,06:57:00,17:31:00,12:14,147.485,1.4,-2.6,-2,2.4,0,,S,3,25,8,1027,96.1,0.1,1,0,1,1,0,0,5,
2012-02-06,07:31,16:57,09:26:12,+3:29,05:37:00,18:52:00,06:16:00,18:13:00,06:56:00,17:33:00,12:14,147.509,3.4,0.5,-0.5,2.3,0.6,0.8,S,2.1,13,8,1032.7,94.6,1.5,0,0,0,1,0,0,6,
2012-02-07,07:30,16:59,09:29:42,+3:30,05:36:00,18:53:00,06:14:00,18:15:00,06:54:00,17:35:00,12:14,147.533,3,0,-1.5,2.2,8,0,S,1.9,12,2,1040.2,84.4,-1.3,0,0,1,1,0,0,7,
2012-02-08,07:28,17:01,09:33:15,+3:32,05:34:00,18:55:00,06:13:00,18:16:00,06:53:00,17:37:00,12:14,147.558,0,-7.6,-8.4,2.1,0,0,NE,3.8,16,8,1041.4,84.1,-1.4,0,0,0,1,0,0,8,
2012-02-09,07:26,17:03,09:36:50,+3:34,05:33:00,18:57:00,06:11:00,18:18:00,06:51:00,17:38:00,12:14,147.584,0.1,-2,-2,2.1,0,2.2,NW,1.7,9,8,1038.8,86.8,-0.8,0,0,1,1,0,0,9,
2012-02-10,07:24,17:05,09:40:26,+3:36,05:31:00,18:58:00,06:10:00,18:19:00,06:49:00,17:40:00,12:14,147.61,1.1,-2.5,-5.5,2.1,7.3,0,SE,1.6,15,7,1038,85.6,-2.2,0,0,0,1,0,0,10,
2012-02-11,07:23,17:07,09:44:04,+3:37,05:30:00,19:00:00,06:08:00,18:21:00,06:48:00,17:42:00,12:14,147.638,0.5,-11.5,-15.3,2,8.8,0,SE,0.8,11,0,1036.6,87.4,-6.7,0,0,0,1,0,0,11,
2012-02-12,07:21,17:08,09:47:43,+3:39,05:28:00,19:01:00,06:07:00,18:23:00,06:46:00,17:43:00,12:14,147.666,3.8,-7.6,-12.7,2,0.1,0.2,W,3.8,12,8,1033.8,92,0.3,0,0,0,1,0,0,12,
2012-02-13,07:19,17:10,09:51:24,+3:40,05:26:00,19:03:00,06:05:00,18:24:00,06:44:00,17:45:00,12:14,147.695,5.2,0.5,-2.9,2,0,0.6,W,7.2,23,8,1026.2,93.5,3.2,0,0,0,1,0,0,13,
2012-02-14,07:17,17:12,09:55:06,+3:42,05:25:00,19:05:00,06:03:00,18:26:00,06:42:00,17:47:00,12:14,147.724,7.5,2.3,0.5,2.1,0.6,0.2,NW,7.9,21,8,1023.7,84.6,4.8,0,0,0,0,0,0,14,
2012-02-15,07:15,17:14,09:58:49,+3:43,05:23:00,19:06:00,06:01:00,18:28:00,06:41:00,17:49:00,12:14,147.754,9.9,5.1,3.5,2.2,1.7,0,NW,10.1,27,5,1024.4,82.5,7.4,0,0,0,0,0,0,15,
2012-02-16,07:13,17:16,10:02:34,+3:44,05:21:00,19:08:00,06:00:00,18:29:00,06:39:00,17:50:00,12:14,147.785,10.8,5,3.1,3.3,4.8,0,W,7.4,20,2,1026.1,81.6,7.2,0,0,0,0,0,0,16,
2012-02-17,07:11,17:18,10:06:19,+3:45,05:19:00,19:10:00,05:58:00,18:31:00,06:37:00,17:52:00,12:14,147.816,11.7,6.6,4.3,4,0.2,,SW,8.1,21,8,1021.5,87.4,9.2,0,0,0,0,0,0,17,
2012-02-18,07:09,17:19,10:10:06,+3:46,05:18:00,19:11:00,05:56:00,18:33:00,06:35:00,17:54:00,12:14,147.848,9.9,7.4,6.6,5,0.6,2.2,SW,12.3,40,7,1010.4,84.4,6.6,0,0,0,0,0,0,18,
2012-02-19,07:07,17:21,10:13:54,+3:47,05:16:00,19:13:00,05:54:00,18:34:00,06:33:00,17:55:00,12:14,147.879,7.1,-0.4,-2.3,4.6,9.1,0,NW,6.5,22,0,1023.4,72.5,1.9,0,0,0,0,0,0,19,
2012-02-20,07:05,17:23,10:17:42,+3:48,05:14:00,19:15:00,05:52:00,18:36:00,06:31:00,17:57:00,12:14,147.911,8,-0.5,-5.6,3.7,4,0,S,9.1,24,5,1030.4,70.2,3.9,0,0,0,0,0,0,20,
2012-02-21,07:03,17:25,10:21:32,+3:49,05:12:00,19:16:00,05:51:00,18:38:00,06:29:00,17:59:00,12:14,147.944,12,3.6,1.5,3.9,6.3,0,SW,9.8,25,1,1027.1,81.9,7.7,0,0,0,0,0,0,21,
2012-02-22,07:01,17:27,10:25:22,+3:50,05:10:00,19:18:00,05:49:00,18:39:00,06:27:00,18:01:00,12:14,147.977,12.8,6.6,4.7,4.7,0,1.5,SW,14.1,39,8,1021.1,87.1,8.6,0,0,0,0,0,0,22,
2012-02-23,06:59,17:28,10:29:13,+3:51,05:08:00,19:20:00,05:47:00,18:41:00,06:25:00,18:02:00,12:13,148.01,16.9,10.3,7.6,5.5,9.3,0,SW,9.7,23,7,1021.5,87.8,12.2,0,0,0,0,0,0,23,
2012-02-24,06:57,17:30,10:33:05,+3:51,05:06:00,19:22:00,05:45:00,18:43:00,06:23:00,18:04:00,12:13,148.043,14.8,8,5.6,6.3,5.3,0,SW,8.3,26,3,1025.9,87,10.1,0,0,0,0,0,0,24,
2012-02-25,06:55,17:32,10:36:57,+3:52,05:04:00,19:23:00,05:43:00,18:45:00,06:21:00,18:06:00,12:13,148.077,11.1,2.9,-1.1,6.5,7.2,0,NW,5,20,6,1026.9,79,6.2,0,0,0,0,0,0,25,
2012-02-26,06:53,17:34,10:40:50,+3:52,05:02:00,19:25:00,05:41:00,18:46:00,06:19:00,18:08:00,12:13,148.111,13.1,3.2,-1,5.8,8.4,1.4,W,4.4,15,0,1027.5,81,6.9,0,0,0,0,0,0,26,
2012-02-27,06:51,17:36,10:44:44,+3:53,05:00:00,19:27:00,05:39:00,18:48:00,06:17:00,18:09:00,12:13,148.145,11.2,5.1,2.9,5.9,0,0.1,SW,7.6,18,8,1023.4,88.5,8.6,0,0,0,0,0,0,27,
2012-02-28,06:49,17:37,10:48:38,+3:54,04:58:00,19:29:00,05:37:00,18:50:00,06:15:00,18:11:00,12:13,148.179,12,9.3,8.6,6.7,0.4,0.1,W,5.5,17,7,1023.1,92.1,10.2,0,0,0,0,0,0,28,
2012-02-29,06:47,17:39,10:52:32,+3:54,04:56:00,19:30:00,05:35:00,18:51:00,06:13:00,18:13:00,12:12,148.214,11.9,8.4,7.5,7.4,0,0,SW,4.8,14,8,1023.8,89.4,10,0,0,0,0,0,0,29,
2012-03-01,06:44,17:41,10:56:27,+3:55,04:54:00,19:32:00,05:32:00,18:53:00,06:11:00,18:14:00,12:12,148.25,14.4,5.4,0.2,7.5,9.9,0,W,2.4,12,2,1025.7,85.4,8.7,0,0,0,0,0,0,1,
2012-03-02,06:42,17:43,11:00:23,+3:55,04:51:00,19:34:00,05:30:00,18:55:00,06:09:00,18:16:00,12:12,148.286,10.5,1.7,-2.4,6.9,5,,N,1.6,12,7,1025.3,94,5.8,1,0,0,0,0,0,2,
2012-03-03,06:40,17:44,11:04:19,+3:55,04:49:00,19:36:00,05:28:00,18:57:00,06:07:00,18:18:00,12:12,148.322,14.4,6.1,6.1,7.3,5.6,0.6,S,7.2,30,7,1017.8,82.9,8.9,0,0,0,0,0,0,3,
2012-03-04,06:38,17:46,11:08:15,+3:56,04:47:00,19:37:00,05:26:00,18:58:00,06:05:00,18:20:00,12:12,148.358,8.5,5.4,3.5,7.2,0,14,SE,9.2,31,8,1015.4,93.8,5.2,0,0,1,0,0,0,4,
2012-03-05,06:36,17:48,11:12:11,+3:56,04:45:00,19:39:00,05:24:00,19:00:00,06:02:00,18:21:00,12:11,148.396,7.5,2,0.3,6.5,4.1,0,NW,14.1,33,2,1020.3,73.7,4.8,0,0,0,0,0,0,5,
2012-03-06,06:34,17:50,11:16:08,+3:56,04:43:00,19:41:00,05:22:00,19:02:00,06:00:00,18:23:00,12:11,148.433,7.8,2.2,0.7,6.1,1.9,0.7,NW,5.4,22,8,1024.4,85.8,4.1,0,0,0,0,0,0,6,
2012-03-07,06:31,17:51,11:20:05,+3:57,04:40:00,19:43:00,05:20:00,19:03:00,05:58:00,18:25:00,12:11,148.471,10.3,3.6,2.5,6.1,2,3,SW,12.2,34,8,1015.7,83.7,6.2,0,0,0,0,0,0,7,
2012-03-08,06:29,17:53,11:24:02,+3:57,04:38:00,19:45:00,05:17:00,19:05:00,05:56:00,18:26:00,12:11,148.51,12.7,1.6,-1,5.9,7.6,0.1,W,7.8,22,1,1029.6,75.5,6.6,0,0,0,0,0,0,8,
2012-03-09,06:27,17:55,11:28:00,+3:57,04:36:00,19:47:00,05:15:00,19:07:00,05:54:00,18:28:00,12:10,148.55,11.1,5.5,3.6,6.4,1.3,0,SW,9.3,26,8,1033,82.4,8.9,0,0,0,0,0,0,9,
2012-03-10,06:25,17:57,11:31:57,+3:57,04:33:00,19:48:00,05:13:00,19:09:00,05:51:00,18:30:00,12:10,148.589,14.5,7.5,5,7,4,0,W,7.6,21,6,1035.4,86.6,10.5,0,0,0,0,0,0,10,
2012-03-11,06:22,17:58,11:35:55,+3:57,04:31:00,19:50:00,05:11:00,19:10:00,05:49:00,18:32:00,12:10,148.63,16,6.1,1.9,7.5,9.7,0,NW,2.7,11,2,1036.1,85,9.9,0,0,0,0,0,0,11,
2012-03-12,06:20,18:00,11:39:53,+3:58,04:28:00,19:52:00,05:08:00,19:12:00,05:47:00,18:33:00,12:10,148.67,8.1,3.7,-0.1,7.5,0,0.2,NW,2.4,10,8,1034.8,95.2,6.4,1,1,0,0,0,0,12,
2012-03-13,06:18,18:02,11:43:51,+3:58,04:26:00,19:54:00,05:06:00,19:14:00,05:45:00,18:35:00,12:09,148.712,8,4.4,4.4,7.5,0,0,SE,1.1,7,8,1034.3,90.6,6.2,0,0,0,0,0,0,13,
2012-03-14,06:16,18:03,11:47:50,+3:58,04:24:00,19:56:00,05:04:00,19:16:00,05:42:00,18:37:00,12:09,148.753,10.3,4.4,4.1,7.6,6.4,0,SE,3.6,16,8,1030.9,84.9,6.3,0,0,0,0,0,0,14,
2012-03-15,06:13,18:05,11:51:48,+3:58,04:21:00,19:58:00,05:01:00,19:18:00,05:40:00,18:38:00,12:09,148.795,17.1,1.8,-1,7.4,8.7,0,S,5,18,6,1023.6,84.9,8.4,0,0,0,0,0,0,15,
2012-03-16,06:11,18:07,11:55:46,+3:58,04:19:00,20:00:00,04:59:00,19:19:00,05:38:00,18:40:00,12:09,148.837,9.2,6.7,6.2,8,0,0.1,SW,7.9,22,8,1017.6,79.3,8,0,0,0,0,0,0,16,
2012-03-17,06:09,18:09,11:59:45,+3:58,04:16:00,20:02:00,04:57:00,19:21:00,05:36:00,18:42:00,12:08,148.879,10.8,6.5,4.8,7.9,0.1,1.6,S,6.8,22,8,1011.7,89.1,8.5,0,0,0,0,0,0,17,
2012-03-18,06:07,18:10,12:03:43,+3:58,04:14:00,20:04:00,04:54:00,19:23:00,05:33:00,18:44:00,12:08,148.921,8.2,3.5,1.1,7.9,1.4,0.2,W,4.4,19,8,1017.1,87.9,5.4,0,0,0,0,0,0,18,
2012-03-19,06:04,18:12,12:07:42,+3:58,04:11:00,20:06:00,04:52:00,19:25:00,05:31:00,18:45:00,12:08,148.964,13.8,1.6,-2.5,7.1,10.8,0,W,6.2,17,0,1031.2,75.6,6.8,0,0,0,0,0,0,19,
2012-03-20,06:02,18:14,12:11:40,+3:58,04:08:00,20:08:00,04:49:00,19:27:00,05:29:00,18:47:00,12:07,149.006,15.5,4.6,2.5,7.2,6,0,W,6.6,22,6,1033.6,76,9.4,0,0,0,0,0,0,20,
2012-03-21,06:00,18:15,12:15:39,+3:58,04:06:00,20:10:00,04:47:00,19:28:00,05:26:00,18:49:00,12:07,149.048,16.1,4.8,0.6,7.9,6.6,0,E,2.7,12,8,1034,78.4,9.1,0,0,0,0,0,0,21,
2012-03-22,05:57,18:17,12:19:37,+3:58,04:03:00,20:12:00,04:45:00,19:30:00,05:24:00,18:51:00,12:07,149.09,17.7,1.7,-1.9,7.9,10.6,0,E,2.6,15,1,1029.6,79.8,9.2,0,0,0,0,0,0,22,
2012-03-23,05:55,18:19,12:23:35,+3:58,04:01:00,20:14:00,04:42:00,19:32:00,05:22:00,18:52:00,12:06,149.133,18.9,4.7,0.6,8.2,9.1,0,E,2.3,14,8,1026.6,83.8,10.8,1,1,0,0,0,0,23,
2012-03-24,05:53,18:20,12:27:34,+3:58,03:58:00,20:16:00,04:40:00,19:34:00,05:19:00,18:54:00,12:06,149.175,19.2,4.6,0,8.8,11.6,0,SE,1.6,12,2,1028.6,80.8,10.8,1,0,0,0,0,0,24,
2012-03-25,06:51,19:22,12:31:32,+3:57,04:55:00,21:18:00,05:37:00,20:36:00,06:17:00,19:56:00,13:06,149.217,14.8,1.4,-2,8.9,9,0,NE,1.9,12,8,1033.6,84.6,7.1,1,0,0,0,0,0,25,
2012-03-26,06:48,19:24,12:35:29,+3:57,04:53:00,21:20:00,05:35:00,20:38:00,06:15:00,19:57:00,13:06,149.259,19,0.5,-3.2,8.5,12.2,0,NE,2.1,12,0,1036.4,68.1,9.4,0,0,0,0,0,0,26,
2012-03-27,06:46,19:26,12:39:27,+3:57,04:50:00,21:22:00,05:32:00,20:40:00,06:12:00,19:59:00,13:05,149.301,19.9,2,-2.6,8.6,12.2,0,SE,2.2,12,0,1036.1,57.4,10.8,0,0,0,0,0,0,27,
2012-03-28,06:44,19:27,12:43:24,+3:57,04:47:00,21:24:00,05:30:00,20:41:00,06:10:00,20:01:00,13:05,149.343,21.6,4.4,-1.1,9,12.1,0,W,2.1,12,0,1031.9,52.8,12.7,0,0,0,0,0,0,28,
2012-03-29,06:41,19:29,12:47:22,+3:57,04:44:00,21:27:00,05:27:00,20:43:00,06:08:00,20:03:00,13:05,149.385,19.9,6.2,1.7,9.4,12,0,NW,4.2,13,0,1027.1,65.9,12.4,0,0,0,0,0,0,29,
2012-03-30,06:39,19:31,12:51:19,+3:56,04:42:00,21:29:00,05:25:00,20:45:00,06:05:00,20:04:00,13:04,149.427,14,4.4,0,9.8,7.7,0,W,4.4,16,1,1023.3,84.5,9.1,0,0,0,0,0,0,30,
2012-03-31,06:37,19:32,12:55:15,+3:56,04:39:00,21:31:00,05:22:00,20:47:00,06:03:00,20:06:00,13:04,149.469,10.8,4.9,1.7,9.5,0.6,0,N,5.6,24,8,1019.9,80.6,6.9,0,0,0,0,0,0,31,
2012-04-01,06:35,19:34,12:59:12,+3:56,04:36:00,21:33:00,05:20:00,20:49:00,06:01:00,20:08:00,13:04,149.511,13.8,-0.6,-4.5,8.8,12.3,0,NW,2.8,13,0,1019.9,73.4,6.4,0,0,0,0,0,0,1,
2012-04-02,06:32,19:36,13:03:08,+3:56,04:33:00,21:35:00,05:17:00,20:51:00,05:58:00,20:10:00,13:03,149.553,15,3.1,-1.8,8.9,8.8,0,W,3.8,14,1,1010,72.9,8.6,0,0,0,0,0,0,2,
2012-04-03,06:30,19:37,13:07:03,+3:55,04:30:00,21:38:00,05:15:00,20:53:00,05:56:00,20:11:00,13:03,149.595,14.6,6.9,5.5,9.5,2.6,2.4,W,4.7,31,2,1002,80.4,9,0,0,0,0,0,0,3,
2012-04-04,06:28,19:39,13:10:59,+3:55,04:28:00,21:40:00,05:12:00,20:55:00,05:54:00,20:13:00,13:03,149.637,12.5,4.7,3.4,9.8,3.4,0.5,NE,5,22,3,1007.6,86.7,6.9,0,0,0,0,0,0,4,
2012-04-05,06:26,19:41,13:14:54,+3:54,04:25:00,21:42:00,05:10:00,20:57:00,05:51:00,20:15:00,13:03,149.68,9.9,4.8,4.4,9.7,1.1,0,NE,5.1,18,8,1019.4,80,5.7,0,0,0,0,0,0,5,
2012-04-06,06:23,19:42,13:18:48,+3:54,04:22:00,21:45:00,05:07:00,20:59:00,05:49:00,20:17:00,13:02,149.723,12.1,-2.1,-7,8.5,5.5,0.1,NW,7.4,19,1,1014.7,79.9,5.5,0,0,0,0,0,0,6,
2012-04-07,06:21,19:44,13:22:42,+3:54,04:19:00,21:47:00,05:05:00,21:01:00,05:47:00,20:19:00,13:02,149.766,11.1,6.5,5.2,9,0.9,0.2,NE,2.5,19,8,1012.3,82.2,7,0,0,0,0,0,0,7,
2012-04-08,06:19,19:46,13:26:36,+3:53,04:16:00,21:49:00,05:02:00,21:03:00,05:44:00,20:20:00,13:02,149.809,13.2,3.4,-0.6,9,0.1,2,SW,6.6,19,8,1010.6,84.7,9,0,0,0,0,0,0,8,
2012-04-09,06:17,19:47,13:30:29,+3:53,04:13:00,21:52:00,05:00:00,21:05:00,05:42:00,20:22:00,13:01,149.852,11.7,7.6,6.5,9.4,0,3.3,SW,12.1,32,8,994.1,90.7,9.5,0,0,0,0,0,0,9,
2012-04-10,06:15,19:49,13:34:22,+3:52,04:10:00,21:54:00,04:57:00,21:07:00,05:40:00,20:24:00,13:01,149.895,13.3,4.9,2.5,9.6,10.8,0,SW,10.3,30,3,989,71.6,8.4,0,0,0,0,0,0,10,
2012-04-11,06:12,19:51,13:38:14,+3:52,04:07:00,21:57:00,04:55:00,21:09:00,05:37:00,20:26:00,13:01,149.939,14.4,3,1.2,9.5,8.4,0.2,W,5.4,19,3,996.5,74.7,7.7,0,0,0,0,1,0,11,
2012-04-12,06:10,19:52,13:42:05,+3:51,04:04:00,21:59:00,04:52:00,21:11:00,05:35:00,20:28:00,13:01,149.982,15.9,3.1,-0.6,9.5,4.1,0.9,W,3.1,14,2,1002.5,80.1,7.7,0,0,0,0,0,0,12,
2012-04-13,06:08,19:54,13:45:56,+3:50,04:01:00,22:02:00,04:49:00,21:13:00,05:33:00,20:29:00,13:00,150.025,14.5,4.1,1,9.9,5.7,0,NW,2.8,16,8,1004.8,81.6,7.3,0,0,0,0,0,0,13,
2012-04-14,06:06,19:56,13:49:46,+3:50,03:58:00,22:05:00,04:47:00,21:15:00,05:31:00,20:31:00,13:00,150.068,12.6,0.9,-1.7,9.8,7.7,0,NE,4.1,23,3,1008.8,79.7,6,0,0,0,0,0,0,14,
2012-04-15,06:04,19:57,13:53:36,+3:49,03:55:00,22:07:00,04:44:00,21:17:00,05:28:00,20:33:00,13:00,150.111,11,0.3,-2.6,9.6,9.1,,N,5.7,28,2,1020.3,78.3,4.5,0,0,0,0,0,0,15,
2012-04-16,06:02,19:59,13:57:25,+3:48,03:52:00,22:10:00,04:42:00,21:19:00,05:26:00,20:35:00,13:00,150.154,11.1,-1.5,-5.9,8.9,7.5,4.5,NW,3.7,20,1,1023.5,66.8,4.9,0,0,0,0,0,0,16,
2012-04-17,05:59,20:01,14:01:13,+3:47,03:49:00,22:13:00,04:39:00,21:21:00,05:24:00,20:37:00,12:59,150.196,13.5,4,2,8.9,4.7,3.1,S,11.3,33,8,999,76.8,7.3,0,0,0,0,0,0,17,
2012-04-18,05:57,20:02,14:05:00,+3:47,03:46:00,22:15:00,04:37:00,21:24:00,05:21:00,20:38:00,12:59,150.238,11.6,3.9,2.2,9,1.4,2.3,SE,6.9,28,8,980.9,88.9,7.3,0,0,0,0,0,0,18,
2012-04-19,05:55,20:04,14:08:46,+3:46,03:42:00,22:18:00,04:34:00,21:26:00,05:19:00,20:40:00,12:59,150.28,12.2,6.5,6,9.4,0.4,2.2,NW,4.3,18,8,983.4,91.8,7.7,0,0,0,0,0,1,19,
2012-04-20,05:53,20:06,14:12:31,+3:45,03:39:00,22:21:00,04:31:00,21:28:00,05:17:00,20:42:00,12:59,150.321,14.6,4.4,2.4,9.5,6.7,9.2,W,7,22,4,992.2,87.3,7.4,0,0,0,0,1,0,20,
2012-04-21,05:51,20:07,14:16:16,+3:44,03:36:00,22:24:00,04:29:00,21:30:00,05:15:00,20:44:00,12:59,150.362,13.8,3,1.1,9.4,7.1,2.1,W,7.1,23,2,996.3,82.6,7.4,0,0,0,0,0,0,21,
2012-04-22,05:49,20:09,14:19:59,+3:43,03:33:00,22:27:00,04:26:00,21:32:00,05:12:00,20:46:00,12:58,150.403,15.3,5.1,3.4,9.8,7,2.4,W,8.5,28,2,1000.9,78.8,8.7,0,0,0,0,1,0,22,
2012-04-23,05:47,20:11,14:23:41,+3:42,03:29:00,22:30:00,04:24:00,21:34:00,05:10:00,20:48:00,12:58,150.443,12,5,3.9,10.2,2.9,9.1,S,6.6,20,2,994.9,87.4,7.5,0,0,0,0,0,0,23,
2012-04-24,05:45,20:12,14:27:22,+3:41,03:26:00,22:33:00,04:21:00,21:37:00,05:08:00,20:49:00,12:58,150.483,11.6,5.7,5.8,10,3.1,7.1,NW,4.7,18,8,996.9,90.9,7.4,0,0,0,0,0,0,24,
2012-04-25,05:43,20:14,14:31:02,+3:39,03:23:00,22:36:00,04:19:00,21:39:00,05:06:00,20:51:00,12:58,150.522,11.4,4.9,2,9.7,1.7,11.6,SE,7.9,32,8,987.4,90.5,8,0,0,0,0,0,0,25,
2012-04-26,05:41,20:16,14:34:40,+3:38,03:19:00,22:39:00,04:16:00,21:41:00,05:04:00,20:53:00,12:58,150.561,13.7,8.1,6.6,9.9,6.5,1.6,S,12.5,38,5,993.2,80.1,10.6,0,0,0,0,0,1,26,
2012-04-27,05:39,20:17,14:38:17,+3:37,03:16:00,22:42:00,04:14:00,21:43:00,05:02:00,20:55:00,12:58,150.599,13,8.1,6.2,10.4,1.8,8.2,SW,6.7,26,5,1009.8,88.5,9.8,0,0,0,0,1,0,27,
2012-04-28,05:37,20:19,14:41:53,+3:35,03:13:00,22:45:00,04:11:00,21:46:00,04:59:00,20:57:00,12:57,150.637,8,7.5,7.5,11,0,26.2,NE,9.2,29,8,1015.6,97.8,7,0,0,0,0,0,0,28,
2012-04-29,05:35,20:21,14:45:27,+3:34,03:09:00,22:48:00,04:09:00,21:48:00,04:57:00,20:59:00,12:57,150.675,14.1,4.5,4.5,9.5,1.7,4.2,NE,8,30,8,1006,91.8,8.2,0,0,0,0,0,0,29,
2012-04-30,05:33,20:22,14:49:00,+3:32,03:06:00,22:52:00,04:06:00,21:50:00,04:55:00,21:01:00,12:57,150.712,18.3,5.9,1.9,9.4,10.4,9.7,SE,4.8,20,1,1013.2,76.9,12.4,0,0,0,0,0,0,30,
2012-05-01,05:31,20:24,14:52:31,+3:31,03:02:00,22:55:00,04:04:00,21:52:00,04:53:00,21:02:00,12:57,150.749,15.9,9.5,9,11.1,1.2,3.6,NE,3.2,19,8,1016.8,94.9,11.5,0,0,0,0,0,0,1,
2012-05-02,05:29,20:25,14:56:01,+3:29,02:58:00,22:58:00,04:01:00,21:55:00,04:51:00,21:04:00,12:57,150.786,14,7.7,8.7,11.5,0.1,28.4,NW,5.3,20,8,1019,91.6,9.7,0,0,0,0,0,0,2,
2012-05-03,05:28,20:27,14:59:28,+3:27,02:55:00,23:02:00,03:59:00,21:57:00,04:49:00,21:06:00,12:57,150.823,8,6.5,6.9,11.3,0.1,1.9,NE,5.2,22,8,1011.5,96.8,7.4,0,0,0,0,0,0,3,
2012-05-04,05:26,20:29,15:02:54,+3:25,02:51:00,23:05:00,03:56:00,21:59:00,04:47:00,21:08:00,12:57,150.859,9.4,5.7,6.5,10.5,0.1,0.1,N,3.9,20,8,1006.8,91.6,7.4,0,0,0,0,0,0,4,
2012-05-05,05:24,20:30,15:06:18,+3:23,02:47:00,23:09:00,03:54:00,22:02:00,04:45:00,21:10:00,12:57,150.895,10,3.6,4.2,10.3,2.6,0,NE,5.2,19,7,1010.2,79.1,6.7,0,0,0,0,0,0,5,
2012-05-06,05:22,20:32,15:09:39,+3:21,02:44:00,23:13:00,03:51:00,22:04:00,04:43:00,21:12:00,12:57,150.932,9.5,3.7,3.4,10.2,0.5,0.1,NE,2.4,13,8,1014.2,81,6,0,0,0,0,0,0,6,
2012-05-07,05:21,20:34,15:12:59,+3:19,02:40:00,23:17:00,03:49:00,22:06:00,04:41:00,21:13:00,12:57,150.968,12.7,2,-1.6,9.8,3.2,1.6,SE,5,21,7,1013.2,85.4,8.7,0,0,0,0,0,0,7,
2012-05-08,05:19,20:35,15:16:16,+3:17,02:36:00,23:21:00,03:46:00,22:09:00,04:39:00,21:15:00,12:56,151.003,17.4,9.9,7.9,10.5,1.2,4.5,S,6.4,22,8,1006.1,81.1,13.3,0,0,0,0,0,0,8,
2012-05-09,05:17,20:37,15:19:32,+3:15,02:32:00,23:25:00,03:44:00,22:11:00,04:37:00,21:17:00,12:56,151.039,17.1,9,8.9,11.9,0,4,NW,4.8,23,8,1007.6,93.6,12.2,0,0,0,0,0,0,9,
2012-05-10,05:16,20:38,15:22:45,+3:12,02:28:00,23:29:00,03:41:00,22:13:00,04:35:00,21:19:00,12:56,151.074,19.8,13.6,13,12.4,3.6,3.1,SW,13.6,42,3,1007.4,89.1,15.7,0,0,0,0,1,0,10,
2012-05-11,05:14,20:40,15:25:55,+3:10,02:23:00,23:33:00,03:39:00,22:16:00,04:33:00,21:21:00,12:56,151.109,15.8,9.7,7.5,13.1,9.3,0,W,10.2,29,7,1021.3,72.6,11.7,0,0,0,0,0,0,11,
2012-05-12,05:12,20:41,15:29:03,+3:07,02:19:00,23:38:00,03:37:00,22:18:00,04:32:00,21:22:00,12:56,151.144,16.2,3,1.4,12.4,10.9,0,N,4.8,18,1,1036.3,68.6,9.3,0,0,0,0,0,0,12,
2012-05-13,05:11,20:43,15:32:08,+3:05,02:14:00,23:43:00,03:34:00,22:20:00,04:30:00,21:24:00,12:56,151.178,17.1,4.9,1,12.4,10.6,0.7,SW,6.9,23,1,1028.6,62.7,11.4,0,0,0,0,0,0,13,
2012-05-14,05:09,20:44,15:35:10,+3:02,02:10:00,23:47:00,03:32:00,22:23:00,04:28:00,21:26:00,12:56,151.212,12.9,7,6.5,12.5,0.6,2.7,SW,8.5,27,8,1014.4,84.2,8.8,0,0,0,0,0,0,14,
2012-05-15,05:08,20:46,15:38:10,+2:59,02:05:00,23:53:00,03:30:00,22:25:00,04:26:00,21:28:00,12:56,151.245,12.1,4.1,2.4,11.6,2.1,3.3,NW,6.8,25,6,1015,87.4,7,0,0,0,0,0,0,15,
2012-05-16,05:06,20:47,15:41:06,+2:56,02:00:00,23:58:00,03:27:00,22:27:00,04:25:00,21:29:00,12:56,151.278,15.2,3,0.9,11.1,7.7,0,NW,5.7,17,5,1024.3,71.2,8.9,0,0,0,0,0,0,16,
2012-05-17,05:05,20:49,15:43:59,+2:53,01:54:00,-,03:25:00,22:29:00,04:23:00,21:31:00,12:56,151.309,14.1,7.2,6.6,12,0.9,0,S,4.2,19,8,1016.3,71.3,10.6,0,0,0,0,0,0,17,
2012-05-18,05:03,20:50,15:46:50,+2:50,-,00:04:00,03:23:00,22:32:00,04:21:00,21:33:00,12:56,151.341,18.1,7.6,6.5,12.5,1.8,3.1,NE,3.3,18,8,1004.5,81.2,12.3,0,0,0,0,0,0,18,
2012-05-19,05:02,20:52,15:49:36,+2:46,-,00:11:00,03:21:00,22:34:00,04:20:00,21:35:00,12:57,151.371,14.7,11.3,10.9,13.4,0.2,,NE,5,16,8,1009.6,90.5,11.5,0,0,0,0,0,0,19,
2012-05-20,05:01,20:53,15:52:20,+2:43,-,00:19:00,03:19:00,22:36:00,04:18:00,21:36:00,12:57,151.401,10.6,7.7,8,13.3,0.1,0.1,NE,5.6,21,8,1010.9,92.1,9.3,0,0,0,0,0,0,20,
2012-05-21,05:00,20:55,15:54:59,+2:39,-,00:28:00,03:16:00,22:39:00,04:17:00,21:38:00,12:57,151.431,15.3,8.3,8.5,12.5,0,0,N,4.4,19,8,1009.5,89.3,11.2,0,0,0,0,0,0,21,
2012-05-22,04:58,20:56,15:57:35,+2:36,-,00:42:00,03:14:00,22:41:00,04:15:00,21:39:00,12:57,151.459,24.1,9.6,8,12.9,11,0,NW,4.8,18,3,1015,83.4,15.7,0,0,0,0,0,0,22,
2012-05-23,04:57,20:57,16:00:08,+2:32,,,03:12:00,22:43:00,04:14:00,21:41:00,12:57,151.487,20.9,10.4,7.9,14.5,3.2,0,N,2.5,13,8,1022.8,90.9,15.4,1,0,0,0,0,0,23,
2012-05-24,04:56,20:59,16:02:36,+2:28,,,03:10:00,22:45:00,04:12:00,21:43:00,12:57,151.514,24.8,11,9.3,14.9,7.5,0,NW,2.2,12,8,1026,88.4,17.4,1,0,0,0,0,0,24,
2012-05-25,04:55,21:00,16:05:00,+2:24,,,03:08:00,22:47:00,04:11:00,21:44:00,12:57,151.54,24.5,10.8,9.5,15.9,15.2,0,NE,4.5,21,0,1024.1,73,17.7,0,0,0,0,0,0,25,
2012-05-26,04:54,21:01,16:07:21,+2:20,,,03:06:00,22:50:00,04:10:00,21:46:00,12:57,151.566,25.2,12,9.4,16.5,15.7,0,NE,3.5,20,0,1020.8,69.8,18.1,0,0,0,0,0,0,26,
2012-05-27,04:53,21:02,16:09:37,+2:15,,,03:04:00,22:52:00,04:08:00,21:47:00,12:57,151.591,26.5,9.6,6.6,16.9,15.7,0,NE,2.1,17,0,1018.8,68.8,18.1,0,0,0,0,0,0,27,
2012-05-28,04:52,21:04,16:11:48,+2:11,,,03:03:00,22:54:00,04:07:00,21:48:00,12:57,151.615,26.9,10.9,7.8,17.4,14.6,,E,2.4,17,0,1017.2,72.6,18.8,0,0,0,0,0,1,28,
2012-05-29,04:51,21:05,16:13:55,+2:07,,,03:01:00,22:56:00,04:06:00,21:50:00,12:57,151.639,20.6,12.8,10.5,18,4.3,0,N,3.8,18,8,1017.2,85.5,14.9,0,0,0,0,0,0,29,
2012-05-30,04:50,21:06,16:15:58,+2:02,,,02:59:00,22:58:00,04:05:00,21:51:00,12:58,151.662,25.8,12.2,11,16.9,11.9,7.6,SW,5.7,26,1,1016.9,79.4,17.6,0,0,0,0,0,1,30,
2012-05-31,04:49,21:07,16:17:55,+1:57,,,02:57:00,23:00:00,04:04:00,21:53:00,12:58,151.685,19.4,12,10.6,17.6,0.2,0.2,W,7.8,23,7,1017.4,85.5,15.4,0,0,0,0,0,0,31,
2012-06-01,04:48,21:08,16:19:48,+1:52,,,02:56:00,23:02:00,04:03:00,21:54:00,12:58,151.707,20.5,13.6,13.4,17.4,1.3,2.3,NW,3.8,15,7,1018.6,86.7,15.3,0,0,0,0,0,0,1,
2012-06-02,04:48,21:09,16:21:36,+1:47,,,02:54:00,23:03:00,04:02:00,21:55:00,12:58,151.729,15.1,10,10,16.9,0.3,8.7,SE,3.5,17,8,1014.7,82.3,11.9,0,0,0,0,0,0,2,
2012-06-03,04:47,21:10,16:23:19,+1:42,,,02:53:00,23:05:00,04:01:00,21:56:00,12:58,151.75,10.7,9.1,9.1,15.8,0,18.3,E,4.1,14,8,1008,95.9,9.6,0,0,0,0,0,0,3,
2012-06-04,04:46,21:11,16:24:57,+1:37,,,02:51:00,23:07:00,04:00:00,21:57:00,12:58,151.771,14.8,6.5,6.5,14.4,3.6,0.4,N,4.6,24,8,1014.7,86.9,9.3,0,0,0,0,0,0,4,
2012-06-05,04:46,21:12,16:26:30,+1:32,,,02:50:00,23:09:00,03:59:00,21:59:00,12:59,151.792,15.2,6.1,3.4,14.4,0.1,2.5,S,6.2,24,8,1013,82.3,11.1,0,0,0,0,0,0,5,
2012-06-06,04:45,21:13,16:27:57,+1:27,,,02:49:00,23:10:00,03:59:00,22:00:00,12:59,151.812,19.5,10.9,10.8,14.5,6.3,2.9,SW,8,28,3,1001.1,85.2,14.7,0,0,0,0,0,0,6,
2012-06-07,04:45,21:14,16:29:19,+1:21,,,02:47:00,23:12:00,03:58:00,22:01:00,12:59,151.832,17.4,11.8,10.8,15.4,0.5,9.4,S,7.9,33,8,996.8,87.4,14,0,0,0,0,0,0,7,
2012-06-08,04:44,21:15,16:30:35,+1:16,,,02:46:00,23:13:00,03:57:00,22:02:00,12:59,151.851,14.4,11.6,10.9,15,0.9,3.4,S,16.3,39,8,996.1,83.9,12.5,0,0,0,0,0,0,8,
2012-06-09,04:44,21:15,16:31:46,+1:10,,,02:45:00,23:15:00,03:57:00,22:02:00,12:59,151.87,16.8,10,8.6,14.4,2,,SW,10.4,31,6,1008.1,73.3,13.1,0,0,0,0,0,0,9,
2012-06-10,04:43,21:16,16:32:51,+1:05,,,02:44:00,23:16:00,03:56:00,22:03:00,13:00,151.888,18.5,7.5,4.8,14.9,7,24.3,NE,2,11,2,1007.8,75,13.5,0,0,0,0,0,0,10,
2012-06-11,04:43,21:17,16:33:51,+0:59,,,02:43:00,23:17:00,03:56:00,22:04:00,13:00,151.905,11.4,10.4,10.2,15.4,0,11.6,NE,5.9,20,8,1003.1,98.5,10.7,0,0,0,0,0,0,11,
2012-06-12,04:43,21:17,16:34:44,+0:53,,,02:43:00,23:18:00,03:55:00,22:05:00,13:00,151.922,13.5,9.4,9,14.1,0.1,0,N,4.5,21,8,1009.4,87,11,0,0,0,0,0,0,12,
2012-06-13,04:43,21:18,16:35:32,+0:47,,,02:42:00,23:19:00,03:55:00,22:06:00,13:00,151.939,17.7,5.4,2.7,13.8,9.3,0,W,1.8,14,6,1016.3,77.1,11.6,0,0,0,0,0,0,13,
2012-06-14,04:42,21:19,16:36:14,+0:41,,,02:41:00,23:20:00,03:55:00,22:06:00,13:00,151.954,17.8,7.5,4.9,14.5,10.2,5.1,SE,4.5,22,1,1016,74.4,12.9,0,0,0,0,0,0,14,
2012-06-15,04:42,21:19,16:36:50,+0:35,,,02:41:00,23:21:00,03:55:00,22:07:00,13:01,151.969,18.9,10.9,10.1,15.4,8.5,5.1,SW,9.7,35,6,1006.8,79.9,14.5,0,0,0,0,0,0,15,
2012-06-16,04:42,21:20,16:37:20,+0:29,,,02:40:00,23:22:00,03:55:00,22:07:00,13:01,151.982,18.9,10.7,8.5,15.5,7.9,0,SW,13.1,38,2,1006.8,75.7,14.5,0,0,0,0,0,0,16,
2012-06-17,04:42,21:20,16:37:44,+0:23,,,02:40:00,23:22:00,03:54:00,22:08:00,13:01,151.995,20.3,11.3,9.5,15.8,7.8,2.2,SW,8.1,29,1,1015.2,72.5,15.4,0,0,0,0,0,0,17,
2012-06-18,04:42,21:20,16:38:02,+0:17,,,02:40:00,23:23:00,03:55:00,22:08:00,13:01,152.007,20.5,11.5,11.2,16.5,3.5,0,W,3.4,16,7,1016.3,81.5,14.2,0,0,0,0,0,0,18,
2012-06-19,04:42,21:21,16:38:14,+0:11,,,02:40:00,23:23:00,03:55:00,22:08:00,13:01,152.019,21.3,9,7.2,16.5,12.2,0,SW,4.1,17,1,1018.4,70.5,15.6,0,0,0,0,0,0,19,
2012-06-20,04:43,21:21,16:38:20,+0:05,,,02:40:00,23:23:00,03:55:00,22:09:00,13:02,152.029,22.5,11,7.9,17.3,10.4,8.2,E,2,14,1,1016.2,72.3,16.1,0,0,0,0,0,0,20,
2012-06-21,04:43,21:21,16:38:19,1,,,02:40:00,23:23:00,03:55:00,22:09:00,13:02,152.039,19.9,10.8,9,17.1,1.1,2,SE,6.2,28,8,1005,88.6,15,0,0,0,0,0,0,21,
2012-06-22,04:43,21:21,16:38:13,-0:06,,,02:41:00,23:24:00,03:55:00,22:09:00,13:02,152.047,17.7,10.4,9.4,16.7,3.3,0.3,SW,13.6,36,8,1008.7,82.3,13.6,0,0,0,0,0,0,22,
2012-06-23,04:43,21:21,16:38:01,-0:12,,,02:41:00,23:23:00,03:55:00,22:09:00,13:02,152.055,18.6,10,8.7,15.9,6,12.9,SW,9.6,33,6,1017.7,77.7,13.8,0,0,0,0,0,0,23,
2012-06-24,04:44,21:21,16:37:42,-0:18,,,02:41:00,23:23:00,03:56:00,22:09:00,13:03,152.062,19.8,10.8,10.3,16,4,3.2,SW,9.8,31,7,1010.6,85.1,14.5,0,0,0,0,0,0,24,
2012-06-25,04:44,21:21,16:37:18,-0:24,,,02:42:00,23:23:00,03:56:00,22:09:00,13:03,152.068,20.6,11,9.1,16.4,10.7,0,NW,5,18,4,1017.1,76.4,15.8,0,0,0,0,0,0,25,
2012-06-26,04:44,21:21,16:36:47,-0:30,,,02:43:00,23:23:00,03:57:00,22:09:00,13:03,152.073,22.4,12.8,11.1,17,5.5,0.1,S,5.3,19,4,1018.9,77.5,18,0,0,0,0,0,0,26,
2012-06-27,04:45,21:21,16:36:11,-0:36,,,02:44:00,23:22:00,03:57:00,22:09:00,13:03,152.078,24.2,17.1,16.1,18,3.8,0.1,SW,6.7,21,7,1015.9,84.1,19.9,0,0,0,0,0,0,27,
2012-06-28,04:46,21:21,16:35:28,-0:42,,,02:44:00,23:22:00,03:58:00,22:08:00,13:03,152.081,28.3,16.5,14.8,18.5,10.4,0,SE,6.7,25,8,1004,78,21.1,0,0,0,0,0,0,28,
2012-06-29,04:46,21:21,16:34:40,-0:48,,,02:45:00,23:21:00,03:59:00,22:08:00,13:04,152.085,21.3,12.6,11.1,18.9,7.6,0.1,S,11.7,33,8,1003.3,77.2,16.6,0,0,0,0,0,0,29,
2012-06-30,04:47,21:21,16:33:46,-0:53,,,02:47:00,23:20:00,03:59:00,22:08:00,13:04,152.087,21.1,14.7,12.9,18.5,8.3,2,SW,9.5,30,6,1006.8,74.1,16.8,0,0,0,0,0,0,30,
2012-07-01,04:47,21:20,16:32:47,-0:59,,,02:48:00,23:19:00,04:00:00,22:07:00,13:04,152.089,18.5,9.9,8.5,18,9.9,0.2,SW,9.2,33,4,1012.9,74.4,14.4,0,0,0,0,0,0,1,
2012-07-02,04:48,21:20,16:31:41,-1:05,,,02:49:00,23:18:00,04:01:00,22:07:00,13:04,152.091,18.5,12,11,17.5,0.1,2.4,S,7.9,27,8,1014,86.8,14.6,0,0,0,0,0,0,2,
2012-07-03,04:49,21:19,16:30:30,-1:10,,,02:50:00,23:17:00,04:02:00,22:06:00,13:04,152.092,20.3,15,14.5,17.4,0.1,2.4,S,6.3,27,8,1011.9,90,16.8,0,0,0,0,0,0,3,
2012-07-04,04:50,21:19,16:29:14,-1:16,,,02:52:00,23:16:00,04:03:00,22:06:00,13:05,152.092,22.6,15.5,15,17.7,2.8,0.2,S,5,20,8,1009.2,86.2,18.5,0,0,0,0,0,0,4,
2012-07-05,04:50,21:18,16:27:52,-1:21,,,02:53:00,23:15:00,04:04:00,22:05:00,13:05,152.092,23.8,15.8,13.5,18.5,5.5,9.7,W,2.8,15,7,1009,78.5,18.7,0,0,0,0,0,0,5,
2012-07-06,04:51,21:18,16:26:25,-1:27,,,02:55:00,23:14:00,04:05:00,22:04:00,13:05,152.092,18.8,14,13.7,18.8,3,7.3,S,3.9,25,8,1007,91.9,15.3,0,0,0,0,0,0,6,
2012-07-07,04:52,21:17,16:24:52,-1:32,,,02:56:00,23:12:00,04:06:00,22:03:00,13:05,152.091,19,11,9.6,17.8,3.4,16.9,SE,3.6,20,4,1007.3,88.2,14.9,0,0,0,0,0,0,7,
2012-07-08,04:53,21:16,16:23:15,-1:37,,,02:58:00,23:11:00,04:07:00,22:02:00,13:05,152.089,17.5,13.3,11.5,17.9,1.7,6.4,N,3.2,16,8,1005.1,95.1,14.9,0,0,0,0,0,0,8,
2012-07-09,04:54,21:16,16:21:32,-1:42,,,03:00:00,23:09:00,04:08:00,22:01:00,13:05,152.087,21.2,13.5,12,17.5,0.8,,W,5.6,18,8,1009.6,85.7,16.2,0,0,0,0,0,0,9,
2012-07-10,04:55,21:15,16:19:44,-1:47,,,03:02:00,23:08:00,04:10:00,22:01:00,13:05,152.084,19.3,13.2,12.3,18,2.3,10.8,SW,6,20,8,1009.2,87,14.9,0,0,0,0,0,0,10,
2012-07-11,04:56,21:14,16:17:52,-1:52,,,03:04:00,23:06:00,04:11:00,21:59:00,13:06,152.081,18.8,10,8.8,17.9,6.6,10.4,W,7.7,28,3,1009.2,85.3,13.7,0,0,0,0,0,0,11,
2012-07-12,04:57,21:13,16:15:54,-1:57,,,03:06:00,23:04:00,04:12:00,21:58:00,13:06,152.077,20.4,9.4,8,17.7,9.2,11.7,W,7,19,3,1010.2,83,13.9,0,0,0,0,0,0,12,
2012-07-13,04:59,21:12,16:13:52,-2:01,,,03:08:00,23:03:00,04:13:00,21:57:00,13:06,152.072,20,12.8,12.6,18,1.1,33.7,SW,6.4,20,8,1000.1,86.8,15.6,0,0,0,0,0,0,13,
2012-07-14,05:00,21:11,16:11:46,-2:06,,,03:10:00,23:01:00,04:15:00,21:56:00,13:06,152.066,15.7,12.5,12.5,18,1.2,2.5,N,2.8,15,8,1004.3,94.7,13.6,0,0,0,0,0,0,14,
2012-07-15,05:01,21:10,16:09:35,-2:10,,,03:12:00,22:59:00,04:16:00,21:55:00,13:06,152.059,19.8,10.9,9.5,17.4,8.4,0.2,W,7.5,22,5,1014.5,75.9,14.5,0,0,0,0,0,0,15,
2012-07-16,05:02,21:09,16:07:20,-2:15,,,03:14:00,22:57:00,04:18:00,21:54:00,13:06,152.052,18.5,12,9.9,17.6,0.4,2,SW,9.9,34,8,1017.6,89,15,0,0,0,0,0,0,16,
2012-07-17,05:03,21:08,16:05:01,-2:19,,,03:16:00,22:55:00,04:19:00,21:52:00,13:06,152.043,23.2,13.4,11.6,17.4,5.5,,W,8.9,22,5,1020.4,81.7,18,0,0,0,0,0,0,17,
2012-07-18,05:05,21:07,16:02:37,-2:23,,,03:18:00,22:53:00,04:21:00,21:51:00,13:06,152.034,19.6,15,13.5,18.2,1.3,6.5,SW,9,26,8,1010.5,90,16.2,0,0,0,0,0,0,18,
2012-07-19,05:06,21:06,16:00:10,-2:27,,,03:20:00,22:51:00,04:22:00,21:49:00,13:06,152.024,17.5,12,10.5,17.6,3.5,3.3,W,6.7,26,7,1009.5,87.5,14.5,0,0,0,0,0,0,19,
2012-07-20,05:07,21:05,15:57:39,-2:31,,,03:22:00,22:49:00,04:24:00,21:48:00,13:06,152.013,16.6,10.8,11.1,17.4,0.4,0.7,NE,2.5,14,8,1016.2,94,13.1,0,0,0,0,0,0,20,
2012-07-21,05:08,21:04,15:55:04,-2:35,-,00:52:00,03:24:00,22:47:00,04:25:00,21:47:00,13:06,152.001,20.3,8.7,6.5,17,11.1,0,NE,2,11,2,1023.6,76.9,14.6,0,0,0,0,0,0,21,
2012-07-22,05:10,21:02,15:52:25,-2:38,-,00:39:00,03:27:00,22:45:00,04:27:00,21:45:00,13:06,151.988,23.6,12.5,10.6,17.4,12.9,0,SW,7.2,22,2,1025.2,69.4,17.9,0,0,0,0,0,0,22,
2012-07-23,05:11,21:01,15:49:43,-2:41,-,00:29:00,03:29:00,22:42:00,04:28:00,21:43:00,13:07,151.975,27.6,12.5,10,18.4,15.2,0,SW,6.6,21,0,1021.3,59.2,20.4,0,0,0,0,0,0,23,
2012-07-24,05:13,21:00,15:46:58,-2:45,-,00:22:00,03:31:00,22:40:00,04:30:00,21:42:00,13:07,151.96,29.1,15.3,12.4,19,15,0,W,3.7,14,0,1016.9,59.7,22,0,0,0,0,0,0,24,
2012-07-25,05:14,20:58,15:44:10,-2:48,-,00:15:00,03:33:00,22:38:00,04:32:00,21:40:00,13:07,151.945,29.7,14.9,12,19.9,13.5,0,NW,2.5,15,0,1016.2,72.7,20.7,0,0,0,0,0,0,25,
2012-07-26,05:15,20:57,15:41:18,-2:51,-,00:09:00,03:36:00,22:36:00,04:33:00,21:38:00,13:07,151.929,27.4,13.4,11.5,20.4,12.5,0,NE,3.3,13,0,1017.4,73.9,19.4,0,0,0,0,0,0,26,
2012-07-27,05:17,20:55,15:38:23,-2:54,-,00:04:00,03:38:00,22:33:00,04:35:00,21:37:00,13:07,151.913,24.6,14.6,12.7,20.6,4.8,0,NW,3.3,15,7,1011.7,76.6,18.8,0,0,0,0,0,0,27,
2012-07-28,05:18,20:54,15:35:26,-2:57,02:15:00,23:54:00,03:40:00,22:31:00,04:37:00,21:35:00,13:07,151.895,22.8,13,11,20.5,8,0,NW,5.3,21,2,1009.3,65.9,16.3,0,0,0,0,0,0,28,
2012-07-29,05:20,20:52,15:32:26,-3:00,02:20:00,23:49:00,03:42:00,22:29:00,04:38:00,21:33:00,13:06,151.878,20.5,11,8.8,19.9,8.8,4,W,6.8,26,2,1010.2,79,13.9,0,0,0,0,0,1,29,
2012-07-30,05:21,20:51,15:29:22,-3:03,02:24:00,23:44:00,03:45:00,22:26:00,04:40:00,21:31:00,13:06,151.859,19.8,9,7.2,18.5,8,4.6,W,7.2,24,4,1013.9,76.6,13.7,0,0,0,0,0,0,30,
2012-07-31,05:23,20:49,15:26:17,-3:05,02:29:00,23:40:00,03:47:00,22:24:00,04:42:00,21:30:00,13:06,151.841,19.7,10.6,10.8,18.1,0.3,0.5,S,6.1,20,8,1013.2,89.3,15.2,0,0,0,0,0,0,31,
2012-08-01,05:24,20:47,15:23:09,-3:08,02:33:00,23:36:00,03:49:00,22:22:00,04:44:00,21:28:00,13:06,151.822,22.5,12.9,11,18.3,4.8,0.6,S,6.9,23,6,1007.9,82.6,17.5,0,0,0,0,0,0,1,
2012-08-02,05:26,20:46,15:19:58,-3:10,02:37:00,23:32:00,03:51:00,22:19:00,04:45:00,21:26:00,13:06,151.802,22.1,14.2,12.2,18.2,4.5,0.6,SW,7.1,21,3,1008.9,81.7,16.9,0,0,0,0,0,0,2,
2012-08-03,05:27,20:44,15:16:45,-3:12,02:41:00,23:28:00,03:54:00,22:17:00,04:47:00,21:24:00,13:06,151.782,22.7,12,10,18.4,10.3,0.5,SW,7.3,22,7,1010.9,75.8,16.9,0,0,0,0,0,0,3,
2012-08-04,05:29,20:42,15:13:30,-3:15,02:45:00,23:24:00,03:56:00,22:14:00,04:49:00,21:22:00,13:06,151.762,21.6,12.9,10.9,18.4,7.1,2,SW,7.1,26,7,1008.4,80.3,16.6,0,0,0,0,0,1,4,
2012-08-05,05:30,20:41,15:10:13,-3:17,02:49:00,23:20:00,03:58:00,22:12:00,04:51:00,21:20:00,13:06,151.741,21.3,12.4,10.6,18.4,6,0.8,S,4.7,20,8,1006.1,83.1,15.8,0,0,0,0,0,0,5,
2012-08-06,05:32,20:39,15:06:54,-3:19,02:53:00,23:16:00,04:00:00,22:09:00,04:52:00,21:18:00,13:06,151.719,21.7,13.1,11.5,18.5,3.1,2.2,W,5.7,22,6,1008.2,82.6,16.2,0,0,0,0,0,0,6,
2012-08-07,05:33,20:37,15:03:33,-3:21,02:56:00,23:12:00,04:03:00,22:07:00,04:54:00,21:16:00,13:06,151.697,21.6,11.1,9,18.5,4.8,2,W,6.9,25,8,1018.3,81.1,15.8,0,0,0,0,0,0,7,
2012-08-08,05:35,20:35,15:00:09,-3:23,03:00:00,23:08:00,04:05:00,22:04:00,04:56:00,21:14:00,13:06,151.675,22.7,14.5,13.9,18.7,4,0,NW,2.9,11,8,1021.8,85.4,17.6,0,0,0,0,0,0,8,
2012-08-09,05:37,20:33,14:56:45,-3:24,03:03:00,23:05:00,04:07:00,22:02:00,04:58:00,21:12:00,13:05,151.652,25,12,9,18.5,7.2,0,S,2.2,11,8,1025.2,77.6,18,0,0,0,0,0,0,9,
2012-08-10,05:38,20:31,14:53:18,-3:26,03:07:00,23:01:00,04:09:00,21:59:00,05:00:00,21:10:00,13:05,151.629,26.7,12.1,9.4,19,13.6,0,SW,2.2,13,0,1025.4,76.2,18.5,0,0,0,0,0,0,10,
2012-08-11,05:40,20:30,14:49:50,-3:28,03:10:00,22:58:00,04:12:00,21:57:00,05:01:00,21:08:00,13:05,151.605,23.7,11.1,10,19.5,8.6,0,SE,2.6,19,1,1020.2,77.6,16.9,0,0,0,0,0,0,11,
2012-08-12,05:41,20:28,14:46:20,-3:29,03:13:00,22:54:00,04:14:00,21:54:00,05:03:00,21:06:00,13:05,151.58,25.8,12.5,9.5,19.4,9.3,0,E,3.5,21,2,1011.5,76.1,18.9,0,0,0,0,0,0,12,
2012-08-13,05:43,20:26,14:42:48,-3:31,03:16:00,22:51:00,04:16:00,21:52:00,05:05:00,21:03:00,13:05,151.554,23,15.1,13.8,19.6,0.4,0.3,SE,5.7,17,7,1009.9,79.9,18.5,0,0,0,0,0,0,13,
2012-08-14,05:44,20:24,14:39:15,-3:32,03:19:00,22:47:00,04:18:00,21:49:00,05:07:00,21:01:00,13:05,151.528,26,16,14.4,19.5,9.4,0,S,4.6,21,1,1010.1,76.2,20,0,0,0,0,0,0,14,
2012-08-15,05:46,20:22,14:35:41,-3:34,03:23:00,22:44:00,04:20:00,21:47:00,05:08:00,20:59:00,13:04,151.501,23.5,16.1,13.1,19.9,2.3,1.1,E,5.4,29,8,1005.6,82.7,18.4,0,0,0,0,0,0,15,
2012-08-16,05:48,20:20,14:32:06,-3:35,03:26:00,22:40:00,04:23:00,21:44:00,05:10:00,20:57:00,13:04,151.474,23.6,14.5,11.3,18.8,6.9,0,SW,7.7,25,5,1013,72.5,18.3,0,0,0,0,0,0,16,
2012-08-17,05:49,20:18,14:28:29,-3:36,03:28:00,22:37:00,04:25:00,21:42:00,05:12:00,20:55:00,13:04,151.445,27.7,16.8,15.2,19.1,9,0,S,8.2,29,6,1012.4,65.1,21.6,0,0,0,0,0,0,17,
2012-08-18,05:51,20:16,14:24:51,-3:37,03:31:00,22:34:00,04:27:00,21:39:00,05:14:00,20:52:00,13:04,151.416,31.4,19.3,16.8,19.9,12.8,0,SW,5.7,22,1,1012.7,65.8,24.2,0,0,0,0,0,0,18,
2012-08-19,05:52,20:14,14:21:12,-3:38,03:34:00,22:30:00,04:29:00,21:36:00,05:16:00,20:50:00,13:04,151.387,30,16.7,14,20.7,10.2,0,NE,3.3,19,1,1014.2,75.8,22.7,0,0,0,0,0,0,19,
2012-08-20,05:54,20:12,14:17:32,-3:40,03:37:00,22:27:00,04:31:00,21:34:00,05:17:00,20:48:00,13:03,151.356,24.5,15.6,12.9,20.8,4.9,,S,4.4,18,8,1018.1,79.2,19.4,0,0,0,0,0,0,20,
2012-08-21,05:56,20:09,14:13:51,-3:41,03:40:00,22:24:00,04:33:00,21:31:00,05:19:00,20:46:00,13:03,151.325,23.2,15.2,12.6,20,1.1,0,W,4.6,23,8,1015.9,74.9,18.2,0,0,0,0,0,0,21,
2012-08-22,05:57,20:07,14:10:09,-3:41,03:43:00,22:21:00,04:35:00,21:29:00,05:21:00,20:43:00,13:03,151.293,22,12.8,11.2,19.5,9.4,0.1,SW,8.8,28,4,1015.5,78.4,16.3,0,0,0,0,0,0,22,
2012-08-23,05:59,20:05,14:06:26,-3:42,03:45:00,22:17:00,04:37:00,21:26:00,05:23:00,20:41:00,13:03,151.26,22.2,12.5,10.5,19,5.9,0,W,4.1,15,4,1012.7,73.4,16.7,0,0,0,0,0,0,23,
2012-08-24,06:00,20:03,14:02:42,-3:43,03:48:00,22:14:00,04:39:00,21:24:00,05:24:00,20:39:00,13:02,151.227,21.2,13.1,11.5,19.1,3.1,4.3,SW,5.7,19,6,1003.5,75.2,16.8,0,0,0,0,0,0,24,
2012-08-25,06:02,20:01,13:58:58,-3:44,03:51:00,22:11:00,04:41:00,21:21:00,05:26:00,20:37:00,13:02,151.194,21.6,14.8,13.3,19,4.2,4.5,SW,7.3,26,6,999.7,89.8,16.6,0,0,0,0,0,1,25,
2012-08-26,06:04,19:59,13:55:13,-3:45,03:53:00,22:08:00,04:43:00,21:18:00,05:28:00,20:34:00,13:02,151.16,22.7,13.1,13,18.7,6.8,0,W,7.7,24,6,1013.6,76.9,16.3,0,0,0,0,0,0,26,
2012-08-27,06:05,19:57,13:51:27,-3:45,03:56:00,22:05:00,04:45:00,21:16:00,05:30:00,20:32:00,13:01,151.126,20.3,11.5,10,18.5,3.3,1.2,S,7.5,27,7,1012.3,79.9,16.2,0,0,0,0,0,0,27,
2012-08-28,06:07,19:54,13:47:40,-3:46,03:58:00,22:02:00,04:47:00,21:13:00,05:31:00,20:30:00,13:01,151.091,22.8,13.4,11.7,18,8.6,0,W,7.4,22,1,1011.5,77.5,17.5,0,0,0,0,0,0,28,
2012-08-29,06:08,19:52,13:43:53,-3:47,04:01:00,21:59:00,04:49:00,21:11:00,05:33:00,20:27:00,13:01,151.056,18.8,13.1,11.8,18,3.9,7.6,S,7.8,25,7,1010.8,90.6,14.3,0,0,0,0,0,0,29,
2012-08-30,06:10,19:50,13:40:05,-3:47,04:03:00,21:56:00,04:51:00,21:08:00,05:35:00,20:25:00,13:01,151.021,16.1,12.5,10.7,17,2.4,1.1,W,7.4,26,8,1016,88.4,12.6,0,0,0,0,0,0,30,
2012-08-31,06:11,19:48,13:36:17,-3:48,04:06:00,21:53:00,04:53:00,21:05:00,05:36:00,20:23:00,13:00,150.986,18.9,4.7,2,15.9,9.2,0.2,N,5.1,18,0,1027.8,72.4,11.8,0,0,0,0,0,0,31,
2012-09-01,06:13,19:46,13:32:28,-3:48,04:08:00,21:50:00,04:55:00,21:03:00,05:38:00,20:20:00,13:00,150.95,21.6,11.5,11.2,16.9,2.3,0,SW,5.7,18,8,1024.4,80.7,15.7,0,0,0,0,0,0,1,
2012-09-02,06:15,19:43,13:28:38,-3:49,04:10:00,21:47:00,04:57:00,21:00:00,05:40:00,20:18:00,13:00,150.914,20,12.2,10.1,16.9,1.2,,W,5.6,20,7,1023.2,86.5,16.6,0,0,0,0,0,0,2,
2012-09-03,06:16,19:41,13:24:48,-3:50,04:13:00,21:44:00,04:59:00,20:58:00,05:42:00,20:16:00,12:59,150.879,24.6,11.8,9,17.2,11.3,0,NW,2.9,12,2,1024.7,75.7,17.8,0,0,0,0,0,0,3,
2012-09-04,06:18,19:39,13:20:58,-3:50,04:15:00,21:41:00,05:01:00,20:55:00,05:43:00,20:13:00,12:59,150.842,25.9,13.5,10.7,17.6,5.7,0,W,5.2,21,2,1022.6,80.5,17.5,0,0,0,0,0,0,4,
2012-09-05,06:19,19:37,13:17:07,-3:50,04:17:00,21:38:00,05:03:00,20:53:00,05:45:00,20:11:00,12:59,150.806,20.5,7.9,4.6,17.6,12.1,0,N,3.5,17,1,1026.5,74.1,13.5,0,0,0,0,0,0,5,
2012-09-06,06:21,19:34,13:13:15,-3:51,04:20:00,21:35:00,05:05:00,20:50:00,05:47:00,20:09:00,12:58,150.769,21.6,6.8,4,16.9,12.5,0,S,4.8,21,2,1026.7,69.2,14.9,0,0,0,0,0,0,6,
2012-09-07,06:23,19:32,13:09:24,-3:51,04:22:00,21:32:00,05:07:00,20:48:00,05:48:00,20:06:00,12:58,150.732,26.5,12.5,10.5,16.9,12.4,0,W,5.6,19,0,1022.9,60.8,18.4,0,0,0,0,0,0,7,
2012-09-08,06:24,19:30,13:05:32,-3:52,04:24:00,21:29:00,05:09:00,20:45:00,05:50:00,20:04:00,12:58,150.695,27.7,12,8.4,17.4,12.1,0,W,3.1,11,0,1018.9,59.9,19.1,0,0,0,0,0,0,8,
2012-09-09,06:26,19:27,13:01:39,-3:52,04:26:00,21:26:00,05:10:00,20:42:00,05:52:00,20:01:00,12:57,150.657,28.5,13.2,8.4,17.4,10.2,0,S,8.4,26,0,1009.7,59.5,19.6,0,0,0,0,0,0,9,
2012-09-10,06:27,19:25,12:57:46,-3:52,04:28:00,21:24:00,05:12:00,20:40:00,05:53:00,19:59:00,12:57,150.62,21.6,15,13.1,18,1.9,0.1,SW,10,28,8,1007.9,80.3,17.7,0,0,0,0,0,0,10,
2012-09-11,06:29,19:23,12:53:53,-3:53,04:30:00,21:21:00,05:14:00,20:37:00,05:55:00,19:57:00,12:56,150.581,19.6,13.1,11,17.6,7.6,0,W,9.5,29,3,1011,67.9,14.3,0,0,0,0,0,0,11,
2012-09-12,06:31,19:21,12:50:00,-3:53,04:33:00,21:18:00,05:16:00,20:35:00,05:57:00,19:54:00,12:56,150.542,17.5,7.5,5.3,16.5,3.3,4.8,W,7.8,26,6,1013,79.3,12.2,0,0,0,0,0,0,12,
2012-09-13,06:32,19:18,12:46:06,-3:53,04:35:00,21:15:00,05:18:00,20:32:00,05:58:00,19:52:00,12:56,150.503,18.2,5.7,2.6,15.9,9.5,0.1,W,6.6,27,2,1017.4,79.4,12,0,0,0,0,0,0,13,
2012-09-14,06:34,19:16,12:42:13,-3:53,04:37:00,21:12:00,05:20:00,20:30:00,06:00:00,19:50:00,12:55,150.464,21.4,12.8,10.9,16,6,0,W,11.5,33,6,1011.8,71.4,15.6,0,0,0,0,0,0,14,
2012-09-15,06:35,19:14,12:38:19,-3:53,04:39:00,21:10:00,05:21:00,20:27:00,06:02:00,19:47:00,12:55,150.424,21.5,10,7.5,15.9,11.5,0,W,6.6,19,1,1015.7,74.6,14.7,0,0,0,0,0,0,15,
2012-09-16,06:37,19:11,12:34:25,-3:54,04:41:00,21:07:00,05:23:00,20:25:00,06:03:00,19:45:00,12:55,150.383,18.7,11.5,9.4,16,4.4,0,W,7.8,25,8,1011.2,79.7,15,0,0,0,0,0,0,16,
2012-09-17,06:39,19:09,12:30:30,-3:54,04:43:00,21:04:00,05:25:00,20:22:00,06:05:00,19:43:00,12:54,150.342,19.4,11.5,7.4,16,5.4,0,W,6.8,28,6,1010.7,72.9,14.5,0,0,0,0,0,0,17,
2012-09-18,06:40,19:07,12:26:36,-3:54,04:45:00,21:02:00,05:27:00,20:20:00,06:07:00,19:40:00,12:54,150.301,18.5,10,8.1,15.9,8.5,0,W,9,27,1,1012.3,70.6,12.4,0,0,0,0,0,0,18,
2012-09-19,06:42,19:04,12:22:41,-3:54,04:47:00,20:59:00,05:29:00,20:17:00,06:08:00,19:38:00,12:54,150.259,17.5,6.4,4,14.9,8,0,W,7.2,25,0,1020.5,71.1,10.8,0,0,0,0,0,0,19,
2012-09-20,06:43,19:02,12:18:47,-3:54,04:49:00,20:56:00,05:30:00,20:15:00,06:10:00,19:35:00,12:53,150.217,17.7,8,5.2,14.5,2.2,0,SW,6.6,20,8,1019.1,73.6,12.5,0,0,0,0,0,0,20,
2012-09-21,06:45,19:00,12:14:52,-3:54,04:51:00,20:54:00,05:32:00,20:13:00,06:12:00,19:33:00,12:53,150.174,17.7,10.6,9.4,14.7,1.1,0.6,SW,4.9,17,8,1014.4,82.8,12.1,0,0,0,0,0,0,21,
2012-09-22,06:47,18:58,12:10:57,-3:54,04:53:00,20:51:00,05:34:00,20:10:00,06:13:00,19:31:00,12:53,150.131,16.6,3.2,0.8,14.8,9,0,N,2.4,13,2,1019.3,83.1,8.8,0,0,0,0,0,0,22,
2012-09-23,06:48,18:55,12:07:02,-3:54,04:55:00,20:48:00,05:35:00,20:08:00,06:15:00,19:28:00,12:52,150.088,13.2,5.3,2.1,13.8,0.1,14.5,NE,2.9,21,8,1008.6,91.7,9.2,0,0,0,0,0,0,23,
2012-09-24,06:50,18:53,12:03:08,-3:54,04:56:00,20:46:00,05:37:00,20:05:00,06:16:00,19:26:00,12:52,150.045,15.1,9.8,9.6,13.5,0.4,5,E,7.7,38,8,987.6,93.3,12,0,0,0,0,0,0,24,
2012-09-25,06:51,18:51,11:59:13,-3:54,04:58:00,20:43:00,05:39:00,20:03:00,06:18:00,19:24:00,12:52,150.002,16.8,8.5,6.6,13,8.6,0.1,S,9.8,30,1,986.9,79.7,11.7,0,0,0,0,0,0,25,
2012-09-26,06:53,18:48,11:55:18,-3:54,05:00:00,20:41:00,05:41:00,20:01:00,06:20:00,19:22:00,12:51,149.959,15.5,9.7,7.4,13,1.5,0.3,SE,3.7,21,8,992,88.5,12.1,0,0,0,0,0,0,26,
2012-09-27,06:55,18:46,11:51:23,-3:54,05:02:00,20:38:00,05:42:00,19:58:00,06:21:00,19:19:00,12:51,149.916,17.7,10,9.5,13.7,4.9,0.9,NW,5.2,20,6,1006.2,85.9,12,0,0,0,0,0,0,27,
2012-09-28,06:56,18:44,11:47:29,-3:54,05:04:00,20:36:00,05:44:00,19:56:00,06:23:00,19:17:00,12:51,149.873,16.3,7.9,6.1,13.6,4.8,0.3,SW,8.1,28,3,1011.1,84.2,11.7,0,0,0,0,0,0,28,
2012-09-29,06:58,18:41,11:43:34,-3:54,05:06:00,20:33:00,05:46:00,19:53:00,06:25:00,19:15:00,12:50,149.83,16.4,8.1,6.6,13.7,8.1,0,W,7.4,23,2,1016.8,76.4,11,0,0,0,0,0,0,29,
2012-09-30,07:00,18:39,11:39:40,-3:54,05:07:00,20:31:00,05:47:00,19:51:00,06:26:00,19:12:00,12:50,149.787,17.3,6.4,4.9,12.9,3.5,0.9,SW,10.2,31,8,1016.4,80.6,12.3,0,0,0,0,0,0,30,
2012-10-01,07:01,18:37,11:35:45,-3:54,05:09:00,20:28:00,05:49:00,19:49:00,06:28:00,19:10:00,12:50,149.744,17.5,13.1,12.1,13.5,3.4,0.2,SW,8.2,26,8,1010.1,86.7,13.9,0,0,0,0,0,0,1,
2012-10-02,07:03,18:35,11:31:51,-3:54,05:11:00,20:26:00,05:51:00,19:47:00,06:30:00,19:08:00,12:49,149.702,17.5,9.6,7.7,13.5,4.2,0.5,SW,9.8,29,5,1007.6,84.6,13,0,0,0,0,0,0,2,
2012-10-03,07:04,18:32,11:27:57,-3:54,05:13:00,20:24:00,05:52:00,19:44:00,06:31:00,19:06:00,12:49,149.659,16.4,10.1,8,13.5,6.3,2.7,SW,9.5,31,3,1003.7,80.3,11.2,0,0,0,0,0,0,3,
2012-10-04,07:06,18:30,11:24:03,-3:53,05:15:00,20:21:00,05:54:00,19:42:00,06:33:00,19:03:00,12:49,149.617,16.3,6.8,4.5,12.9,7.3,12.5,W,7.4,26,0,1006.6,81.2,10.7,0,0,0,0,0,0,4,
2012-10-05,07:08,18:28,11:20:09,-3:53,05:16:00,20:19:00,05:56:00,19:40:00,06:34:00,19:01:00,12:48,149.574,14.6,9.6,9,12.9,1.6,15.3,W,6.5,29,8,1005.6,89.7,10.8,0,0,0,0,0,0,5,
2012-10-06,07:09,18:26,11:16:15,-3:53,05:18:00,20:17:00,05:57:00,19:38:00,06:36:00,18:59:00,12:48,149.532,16.7,6.4,5,13,9.4,0,W,2.5,14,0,1012.3,89.6,9.2,0,0,0,0,0,0,6,
2012-10-07,07:11,18:23,11:12:22,-3:53,05:20:00,20:14:00,05:59:00,19:35:00,06:38:00,18:57:00,12:48,149.49,13.1,4.8,0.7,12,4.8,0,NW,2.4,9,8,1021,93.9,8.3,1,0,0,0,0,0,7,
2012-10-08,07:13,18:21,11:08:29,-3:53,05:22:00,20:12:00,06:01:00,19:33:00,06:39:00,18:55:00,12:47,149.448,13.7,7,2.5,11.9,2.1,0.6,SE,1.9,16,2,1014.7,92.6,11.1,0,0,0,0,0,0,8,
2012-10-09,07:14,18:19,11:04:36,-3:52,05:23:00,20:10:00,06:02:00,19:31:00,06:41:00,18:52:00,12:47,149.406,14.5,6.5,2.9,12.2,5.7,0,SE,2.3,13,6,1016.1,90.2,8.9,0,0,0,0,0,0,9,
2012-10-10,07:16,18:17,11:00:44,-3:52,05:25:00,20:08:00,06:04:00,19:29:00,06:43:00,18:50:00,12:47,149.364,15.3,4.5,1.6,12,5,0,SE,1.5,11,6,1014.6,81.2,9.2,0,0,0,0,0,0,10,
2012-10-11,07:18,18:15,10:56:52,-3:52,05:27:00,20:05:00,06:06:00,19:27:00,06:44:00,18:48:00,12:47,149.322,14.5,5.8,2.3,11.9,1.9,3.8,SE,5.1,20,7,1003.2,91,11.7,0,0,0,0,0,0,11,
2012-10-12,07:19,18:12,10:53:00,-3:51,05:28:00,20:03:00,06:07:00,19:24:00,06:46:00,18:46:00,12:46,149.28,14.6,9.9,9,12.4,5.9,0.4,W,10.3,31,6,1003.8,84.3,10.2,0,0,0,0,0,0,12,
2012-10-13,07:21,18:10,10:49:08,-3:51,05:30:00,20:01:00,06:09:00,19:22:00,06:48:00,18:44:00,12:46,149.238,13.9,5.5,3.1,11.8,6.5,1.8,S,5,18,1,1003.4,90.5,7.5,0,0,0,0,0,0,13,
2012-10-14,07:23,18:08,10:45:17,-3:50,05:32:00,19:59:00,06:10:00,19:20:00,06:49:00,18:42:00,12:46,149.195,13.6,2.8,-1,10.9,7.4,,W,5.3,20,0,1001.4,88.3,6.8,0,0,0,0,0,0,14,
2012-10-15,07:25,18:06,10:41:27,-3:50,05:33:00,19:57:00,06:12:00,19:18:00,06:51:00,18:40:00,12:46,149.153,12.9,3.9,-0.7,10.4,2,1.6,S,7,26,8,1000.8,88.1,8.6,0,0,0,0,0,0,15,
2012-10-16,07:26,18:04,10:37:37,-3:49,05:35:00,19:55:00,06:14:00,19:16:00,06:52:00,18:38:00,12:45,149.111,14.6,8.5,6.6,10.9,8.3,7,SW,11.5,39,4,998.9,77.3,10.5,0,0,0,0,0,0,16,
2012-10-17,07:28,18:02,10:33:48,-3:49,05:37:00,19:53:00,06:15:00,19:14:00,06:54:00,18:36:00,12:45,149.068,16.5,7.6,4.7,10.7,6.6,0.3,SW,7.8,31,3,996.8,84.9,12.2,0,0,0,0,0,0,17,
2012-10-18,07:30,18:00,10:29:59,-3:48,05:38:00,19:51:00,06:17:00,19:12:00,06:56:00,18:34:00,12:45,149.025,15.5,11.3,9.2,11.3,2.1,,S,6.3,20,7,1001.1,86.8,13,0,0,0,0,0,0,18,
2012-10-19,07:31,17:58,10:26:11,-3:48,05:40:00,19:49:00,06:19:00,19:10:00,06:57:00,18:32:00,12:45,148.983,12.5,10.9,8.4,11.6,0,9.7,CALM,1.9,9,8,1007.2,96.3,11.6,0,0,0,0,0,0,19,
2012-10-20,07:33,17:56,10:22:24,-3:47,05:42:00,19:47:00,06:20:00,19:08:00,06:59:00,18:30:00,12:45,148.94,13.5,7.9,5.5,11.6,1.4,3.5,W,2.4,12,8,1015.5,93.7,10.7,0,0,0,0,0,0,20,
2012-10-21,07:35,17:53,10:18:37,-3:46,05:43:00,19:45:00,06:22:00,19:06:00,07:01:00,18:28:00,12:45,148.897,12.5,8.2,6.3,11.7,0.2,5.8,N,3.6,16,7,1018.3,96.2,10.2,0,0,0,0,0,0,21,
2012-10-22,07:37,17:51,10:14:52,-3:45,05:45:00,19:43:00,06:23:00,19:04:00,07:02:00,18:26:00,12:44,148.855,14,10.5,10.3,11.9,0.1,0.7,N,2.2,10,8,1020.2,98.9,12.9,1,1,0,0,0,0,22,
2012-10-23,07:38,17:49,10:11:07,-3:44,05:46:00,19:41:00,06:25:00,19:03:00,07:04:00,18:24:00,12:44,148.813,13.2,10.9,10.9,12.4,0.1,0.4,E,2.5,11,8,1023.3,99.6,12.3,1,1,0,0,0,0,23,
2012-10-24,07:40,17:47,10:07:23,-3:43,05:48:00,19:39:00,06:27:00,19:01:00,07:06:00,18:22:00,12:44,148.771,15,12.1,11.9,12.6,0.1,0.7,NE,4,15,8,1019.6,100,13.2,1,1,0,0,0,0,24,
2012-10-25,07:42,17:45,10:03:40,-3:42,05:50:00,19:37:00,06:28:00,18:59:00,07:07:00,18:20:00,12:44,148.729,11.7,10.4,10.2,12.9,0.1,,NE,5.8,17,8,1017,96.2,10.5,0,0,0,0,0,0,25,
2012-10-26,07:44,17:44,09:59:58,-3:41,05:51:00,19:36:00,06:30:00,18:57:00,07:09:00,18:18:00,12:44,148.688,9.1,6.2,5.8,12.3,0.1,1,NE,6.5,23,8,1013.1,85.9,6.3,0,0,0,0,0,0,26,
2012-10-27,07:45,17:42,09:56:17,-3:40,05:53:00,19:34:00,06:31:00,18:55:00,07:11:00,18:16:00,12:44,148.648,7.7,0.9,-1.3,10.9,4.1,1.2,NW,7,31,1,1016.2,89.7,3.3,0,0,1,0,0,0,27,
2012-10-28,06:47,16:40,09:52:38,-3:39,04:54:00,18:32:00,05:33:00,17:54:00,06:12:00,17:14:00,11:44,148.607,9,1.4,-2.1,9.5,0.1,2.8,SW,7,19,8,1013.3,90.9,5.9,0,0,0,0,0,0,28,
2012-10-29,06:49,16:38,09:48:59,-3:38,04:56:00,18:31:00,05:35:00,17:52:00,06:14:00,17:13:00,11:44,148.567,12.3,6.9,5.5,9.8,3.5,0.1,SW,6.5,2.1,2,1007.2,90.7,8.4,0,0,0,0,0,0,29,
2012-10-30,06:51,16:36,09:45:22,-3:37,04:58:00,18:29:00,05:36:00,17:50:00,06:16:00,17:11:00,11:44,148.528,10.5,4,1,9.7,7.3,,W,6.1,18,2,1002.8,87.4,6.5,0,0,0,0,0,0,30,
2012-10-31,06:52,16:34,09:41:47,-3:35,04:59:00,18:27:00,05:38:00,17:49:00,06:17:00,17:09:00,11:44,148.489,11.9,4.5,2.6,9,2.1,13,S,9.6,29,8,987.8,84.4,8.5,0,0,0,0,0,0,31,
2012-11-01,06:54,16:32,09:38:12,-3:34,05:01:00,18:26:00,05:39:00,17:47:00,06:19:00,17:08:00,11:44,148.451,9.8,5.5,4.9,9.5,2.6,0.8,SW,6.9,31,7,978.1,90.8,6.3,0,0,0,0,0,0,1,
2012-11-02,06:56,16:31,09:34:39,-3:32,05:02:00,18:24:00,05:41:00,17:45:00,06:21:00,17:06:00,11:44,148.413,9.9,2.8,1,8.8,6.6,0,SW,9.2,26,1,989.5,84.8,5.4,0,0,0,0,0,0,2,
2012-11-03,06:58,16:29,09:31:08,-3:31,05:04:00,18:23:00,05:43:00,17:44:00,06:22:00,17:04:00,11:44,148.376,7.9,3.2,1.3,8,4,4.3,S,8.1,30,5,995,84.7,5.1,0,0,0,0,0,0,3,
2012-11-04,06:59,16:27,09:27:39,-3:29,05:05:00,18:21:00,05:44:00,17:42:00,06:24:00,17:03:00,11:44,148.339,5.5,2.6,-1,7.5,0,9,NE,5.7,24,8,993.5,94.7,4.6,0,0,0,0,0,0,4,
2012-11-05,07:01,16:25,09:24:11,-3:27,05:07:00,18:20:00,05:46:00,17:41:00,06:25:00,17:01:00,11:44,148.302,9.1,1.1,-1.5,7.5,7,0.1,NW,3.3,18,1,1006,92.4,4.2,0,0,0,0,0,0,5,
2012-11-06,07:03,16:24,09:20:45,-3:25,05:08:00,18:18:00,05:47:00,17:39:00,06:27:00,16:59:00,11:44,148.266,9,1.4,-2.4,6.8,3.4,1,W,8.4,25,1,1018.7,92.3,5.6,0,0,0,0,0,0,6,
2012-11-07,07:05,16:22,09:17:21,-3:23,05:10:00,18:17:00,05:49:00,17:38:00,06:29:00,16:58:00,11:44,148.231,10.6,5.1,2.7,7.2,6.3,,W,8.8,23,0,1022.4,88.7,7.7,0,0,0,0,0,0,7,
2012-11-08,07:06,16:20,09:13:59,-3:21,05:11:00,18:16:00,05:50:00,17:37:00,06:30:00,16:57:00,11:44,148.196,12.5,7.9,5.8,7.5,4.5,0,SW,7.8,25,2,1017.3,83.7,9.3,0,0,0,0,0,0,8,
2012-11-09,07:08,16:19,09:10:40,-3:19,05:13:00,18:14:00,05:52:00,17:35:00,06:32:00,16:55:00,11:44,148.161,11,6.6,4.1,8,1.7,4.7,S,6.1,22,7,1008.2,83.3,8.5,0,0,0,0,0,0,9,
2012-11-10,07:10,16:17,09:07:22,-3:17,05:14:00,18:13:00,05:53:00,17:34:00,06:34:00,16:54:00,11:44,148.126,9.2,7.2,5.6,8.3,0.1,0.1,E,4.9,16,8,996.6,92.1,7.9,0,0,0,0,0,0,10,
2012-11-11,07:12,16:16,09:04:07,-3:15,05:16:00,18:12:00,05:55:00,17:33:00,06:35:00,16:52:00,11:44,148.092,9.8,3,0.2,8,7.5,0,W,5.7,16,1,1010.6,88.5,5.6,0,0,0,0,0,0,11,
2012-11-12,07:13,16:14,09:00:54,-3:12,05:17:00,18:11:00,05:56:00,17:31:00,06:37:00,16:51:00,11:44,148.058,11.7,4.3,1.5,7.1,0,1.3,S,8.1,24,8,1019.4,92.5,8.3,0,0,0,0,0,0,12,
2012-11-13,07:15,16:13,08:57:44,-3:10,05:19:00,18:09:00,05:58:00,17:30:00,06:38:00,16:50:00,11:44,148.024,15.1,9.4,7.5,8.1,5.3,0,S,7.1,21,5,1024.8,87.8,11.9,0,0,0,0,0,0,13,
2012-11-14,07:17,16:12,08:54:37,-3:07,05:20:00,18:08:00,05:59:00,17:29:00,06:40:00,16:48:00,11:45,147.991,12.4,9.5,6,9,5.3,0.1,SE,3,15,6,1025.8,91.9,9.7,0,0,0,0,0,0,14,
2012-11-15,07:19,16:10,08:51:33,-3:04,05:21:00,18:07:00,06:01:00,17:28:00,06:42:00,16:47:00,11:45,147.958,8.2,5.1,3.2,8.7,1.2,0,SE,1.2,8,8,1021.9,95.1,6.7,1,1,0,0,0,0,15,
2012-11-16,07:20,16:09,08:48:31,-3:01,05:23:00,18:06:00,06:02:00,17:27:00,06:43:00,16:46:00,11:45,147.925,11.8,5.8,5.2,8.6,0.1,0.4,S,3.8,20,8,1013.7,94.5,6.8,0,0,0,0,0,0,16,
2012-11-17,07:22,16:08,08:45:32,-2:58,05:24:00,18:05:00,06:04:00,17:26:00,06:45:00,16:45:00,11:45,147.892,10.8,7.8,7.5,8.8,0.1,0,S,5.8,21,8,1006.7,96,8.8,0,0,0,0,0,0,17,
2012-11-18,07:24,16:06,08:42:37,-2:55,05:26:00,18:04:00,06:05:00,17:25:00,06:46:00,16:44:00,11:45,147.86,8.6,1.9,-1.8,8.4,7,0,SW,3.9,13,0,1013.7,88.3,4,0,0,0,0,0,0,18,
2012-11-19,07:25,16:05,08:39:45,-2:52,05:27:00,18:03:00,06:07:00,17:24:00,06:48:00,16:43:00,11:46,147.828,12.1,1.8,-2.1,6.9,0.6,1.4,S,8.7,29,7,1009.5,87.3,6.9,0,0,0,0,0,0,19,
2012-11-20,07:27,16:04,08:36:57,-2:48,05:28:00,18:03:00,06:08:00,17:23:00,06:49:00,16:42:00,11:46,147.796,13.6,9.9,8.5,7.9,0.1,7.8,S,9.7,32,8,1007,93.7,11.5,0,0,0,0,0,0,20,
2012-11-21,07:29,16:03,08:34:12,-2:44,05:30:00,18:02:00,06:09:00,17:22:00,06:51:00,16:41:00,11:46,147.766,11,8.7,7.5,8.9,0,6.3,SE,6.5,31,8,1006.5,96.5,8.2,0,0,0,0,0,0,21,
2012-11-22,07:30,16:02,08:31:30,-2:41,05:31:00,18:01:00,06:11:00,17:21:00,06:52:00,16:40:00,11:46,147.735,12.8,5.3,3.7,8.4,1.5,8,S,13.6,44,6,1008.9,85.8,10.2,0,0,0,0,0,0,22,
2012-11-23,07:32,16:01,08:28:53,-2:37,05:32:00,18:00:00,06:12:00,17:20:00,06:54:00,16:39:00,11:47,147.706,9.5,4.9,3.2,8.5,6.9,0.1,S,7.3,23,3,1010.5,92.4,6.6,0,0,0,0,0,0,23,
2012-11-24,07:33,16:00,08:26:20,-2:33,05:34:00,17:59:00,06:14:00,17:20:00,06:55:00,16:38:00,11:47,147.677,11.6,3.4,-0.9,7.4,0,13.1,S,4.7,23,8,1009.6,97.2,6.5,0,0,0,0,0,0,24,
2012-11-25,07:35,15:59,08:23:50,-2:29,05:35:00,17:59:00,06:15:00,17:19:00,06:57:00,16:37:00,11:47,147.648,9.9,6.1,4.5,7.9,5.6,2.6,SW,13.5,46,1,999.4,88,8.7,0,0,0,0,0,0,25,
2012-11-26,07:37,15:58,08:21:25,-2:25,05:36:00,17:58:00,06:16:00,17:18:00,06:58:00,16:36:00,11:47,147.621,9.9,7.2,6,7.9,1.7,5.9,S,3.9,19,7,997.3,91.7,8.1,0,0,0,0,0,0,26,
2012-11-27,07:38,15:57,08:19:04,-2:20,05:37:00,17:58:00,06:17:00,17:18:00,06:59:00,16:36:00,11:48,147.594,7.5,6.7,6.2,8.1,0,4.1,N,7.1,27,8,1003.6,97.3,6.5,0,0,0,0,0,0,27,
2012-11-28,07:40,15:56,08:16:48,-2:16,05:39:00,17:57:00,06:19:00,17:17:00,07:01:00,16:35:00,11:48,147.568,5.8,4,2.6,7.9,0,0.3,NW,8,25,8,1012.6,92.9,4.4,0,0,0,0,0,0,28,
2012-11-29,07:41,15:56,08:14:36,-2:11,05:40:00,17:57:00,06:20:00,17:17:00,07:02:00,16:34:00,11:48,147.543,5.6,0.5,-1.8,7,5.4,0,W,5.7,20,6,1011.7,90.7,1.9,0,0,0,0,0,0,29,
2012-11-30,07:42,15:55,08:12:30,-2:06,05:41:00,17:56:00,06:21:00,17:16:00,07:03:00,16:34:00,11:49,147.519,3.8,-1.5,-6,5.9,5.4,0,W,3.7,12,0,1011,92.2,0.2,0,0,0,0,0,0,30,
2012-12-01,07:44,15:54,08:10:28,-2:01,05:42:00,17:56:00,06:22:00,17:16:00,07:05:00,16:33:00,11:49,147.495,4,-1.7,-6,5,0,,SW,6.9,26,8,1013.2,91.8,0.8,0,0,0,0,0,0,1,
2012-12-02,07:45,15:54,08:08:31,-1:56,05:43:00,17:56:00,06:24:00,17:15:00,07:06:00,16:33:00,11:50,147.473,8.5,-2.1,-4.9,4.5,6.7,4.4,W,6,16,0,1015.1,89,0.2,0,0,0,0,0,0,2,
2012-12-03,07:46,15:53,08:06:39,-1:51,05:44:00,17:55:00,06:25:00,17:15:00,07:07:00,16:32:00,11:50,147.451,8.6,1.6,0.5,4,2,3.5,W,9.4,31,7,1005.4,93.4,4.9,0,0,0,0,0,0,3,
2012-12-04,07:48,15:53,08:04:52,-1:46,05:45:00,17:55:00,06:26:00,17:15:00,07:08:00,16:32:00,11:50,147.429,6.1,1.9,-0.5,4.3,2.1,5.5,W,9.3,26,6,1001.6,87.6,3.5,0,0,0,0,0,0,4,
2012-12-05,07:49,15:52,08:03:11,-1:41,05:46:00,17:55:00,06:27:00,17:14:00,07:10:00,16:32:00,11:51,147.409,2.7,0.1,-3.1,4.3,4.6,0,NW,5.6,20,8,1007.4,90.6,0.7,0,0,1,1,0,0,5,
2012-12-06,07:50,15:52,08:01:35,-1:35,05:48:00,17:55:00,06:28:00,17:14:00,07:11:00,16:31:00,11:51,147.389,4.2,-3,-7.8,4,0,3.8,SW,8.7,33,7,1011.2,86.8,0,0,0,0,1,0,0,6,
2012-12-07,07:51,15:52,08:00:05,-1:30,05:49:00,17:54:00,06:29:00,17:14:00,07:12:00,16:31:00,11:52,147.37,5.2,1.4,-0.4,3.9,0.7,0.2,W,12,34,8,1000.8,88.8,3.6,0,0,1,0,0,0,7,
2012-12-08,07:53,15:51,07:58:41,-1:24,05:49:00,17:54:00,06:30:00,17:14:00,07:13:00,16:31:00,11:52,147.352,7,1,-2.4,4.4,5,0.1,W,5.5,24,8,1022.2,90.4,3.5,1,1,0,0,0,0,8,
2012-12-09,07:54,15:51,07:57:22,-1:18,05:50:00,17:54:00,06:31:00,17:14:00,07:14:00,16:31:00,11:53,147.334,8.8,4.4,3.1,4.5,2.4,0,W,12.2,36,4,1016.7,84.5,6.1,0,0,0,0,0,0,9,
2012-12-10,07:55,15:51,07:56:10,-1:12,05:51:00,17:54:00,06:32:00,17:14:00,07:15:00,16:31:00,11:53,147.317,5.1,0.2,-2,4.5,3.4,0,NW,6.4,20,3,1021.6,88.8,1.8,0,0,0,0,0,0,10,
2012-12-11,07:56,15:51,07:55:03,-1:06,05:52:00,17:54:00,06:33:00,17:14:00,07:16:00,16:31:00,11:53,147.3,-0.2,-2.5,-7,3.9,0.2,0,N,3.1,9,2,1028.8,95.8,-1.6,0,0,0,0,0,0,11,
2012-12-12,07:57,15:51,07:54:03,-1:00,05:53:00,17:55:00,06:34:00,17:14:00,07:17:00,16:31:00,11:54,147.284,1.8,-7,-9.6,3.5,4.3,0,W,3.3,14,2,1019.2,93.4,-2.1,0,0,0,0,0,0,12,
2012-12-13,07:58,15:51,07:53:08,-0:54,05:54:00,17:55:00,06:35:00,17:14:00,07:18:00,16:31:00,11:54,147.268,4.7,-5.1,-9.3,3.1,1.3,0,S,1.4,14,0,1005.2,91.6,-2,0,0,0,0,0,0,13,
2012-12-14,07:59,15:51,07:52:20,-0:48,05:55:00,17:55:00,06:35:00,17:14:00,07:18:00,16:31:00,11:55,147.252,9.2,-0.4,-0.9,3,0,7.8,SE,9.7,43,8,984.4,96.1,5,0,0,0,0,0,0,14,
2012-12-15,07:59,15:51,07:51:39,-0:41,05:55:00,17:55:00,06:36:00,17:14:00,07:19:00,16:31:00,11:55,147.238,10.5,5.7,3.5,3.6,5.2,3.8,S,9.2,27,1,989.8,90.4,7.4,0,0,0,0,0,0,15,
2012-12-16,08:00,15:51,07:51:03,-0:35,05:56:00,17:55:00,06:37:00,17:15:00,07:20:00,16:32:00,11:56,147.223,9.3,4.4,2.4,4.3,6,0.1,SW,7.5,18,3,998.1,92.3,5.9,0,0,0,0,0,0,16,
2012-12-17,08:01,15:52,07:50:34,-0:29,05:57:00,17:56:00,06:38:00,17:15:00,07:21:00,16:32:00,11:56,147.21,8.5,4.5,2.3,4.4,5.2,0.2,SW,8.5,20,5,999.9,90.1,6,0,0,0,0,0,0,17,
2012-12-18,08:02,15:52,07:50:12,-0:22,05:57:00,17:56:00,06:38:00,17:15:00,07:21:00,16:32:00,11:57,147.196,7,3.9,-0.3,4.5,1.1,0,NW,4.9,19,5,1013.7,93,5.6,0,0,0,0,0,0,18,
2012-12-19,08:02,15:52,07:49:56,-0:16,05:58:00,17:57:00,06:39:00,17:16:00,07:22:00,16:33:00,11:57,147.184,6.3,1.8,-1.5,4.5,0,18.5,SE,5.7,26,8,1016.1,95.6,4.5,0,0,0,0,0,0,19,
2012-12-20,08:03,15:53,07:49:46,-0:09,05:59:00,17:57:00,06:39:00,17:16:00,07:23:00,16:33:00,11:58,147.172,8.3,5.3,4.8,5,0,3.1,SE,8.2,28,8,1001.7,98.4,6.5,0,0,0,0,0,0,20,
2012-12-21,08:03,15:53,07:49:43,-0:03,05:59:00,17:58:00,06:40:00,17:17:00,07:23:00,16:33:00,11:58,147.161,9,6.4,4.5,5.5,3.3,6.2,SW,7.8,20,4,1008,92.9,7,0,0,0,0,0,0,21,
2012-12-22,08:04,15:54,07:49:46,+0:03,06:00:00,17:58:00,06:40:00,17:17:00,07:24:00,16:34:00,11:59,147.151,13.1,5.4,3.9,5.6,0,9.9,SE,9.6,30,8,1003.3,97.8,8.9,0,0,0,0,0,0,22,
2012-12-23,08:04,15:54,07:49:56,+0:10,06:00:00,17:59:00,06:41:00,17:18:00,07:24:00,16:35:00,11:59,147.142,11.3,10.7,9.1,6.7,2.5,6.7,SW,12.2,36,7,1001.4,85.9,10.7,0,0,0,0,0,0,23,
2012-12-24,08:05,15:55,07:50:13,+0:16,06:00:00,17:59:00,06:41:00,17:18:00,07:24:00,16:35:00,12:00,147.133,11.5,6.7,6.2,6.9,0.1,3.6,SE,8.6,36,8,997.1,94,8.5,0,0,0,0,0,0,24,
2012-12-25,08:05,15:56,07:50:36,+0:23,06:01:00,18:00:00,06:42:00,17:19:00,07:25:00,16:36:00,12:00,147.126,8.4,6.3,4.6,6.9,1.1,0.5,S,9.4,30,8,993.9,90.6,7.2,0,0,0,0,0,0,25,
2012-12-26,08:05,15:56,07:51:05,+0:29,06:01:00,18:01:00,06:42:00,17:20:00,07:25:00,16:37:00,12:01,147.119,9.4,4,2.1,6.4,3.1,1.9,S,11.2,30,1,1001.7,90.5,6.6,0,0,0,0,0,0,26,
2012-12-27,08:05,15:57,07:51:41,+0:35,06:01:00,18:01:00,06:42:00,17:20:00,07:25:00,16:37:00,12:01,147.113,7.5,5.6,3.4,6.1,0.1,3.3,S,9.9,29,8,1004.1,90.3,6.3,0,0,0,0,0,0,27,
2012-12-28,08:06,15:58,07:52:24,+0:42,06:02:00,18:02:00,06:42:00,17:21:00,07:25:00,16:38:00,12:02,147.108,11.6,3.8,0.7,6,0,0.3,S,10.2,37,8,1014.4,93.8,8.3,0,0,0,0,0,0,28,
2012-12-29,08:06,15:59,07:53:12,+0:48,06:02:00,18:03:00,06:43:00,17:22:00,07:26:00,16:39:00,12:02,147.104,11.3,10.2,8.9,7,0,2.1,S,13.8,41,7,1001.4,86.7,9.4,0,0,0,0,0,0,29,
2012-12-30,08:06,16:00,07:54:07,+0:54,06:02:00,18:04:00,06:43:00,17:23:00,07:26:00,16:40:00,12:03,147.101,10.8,4.2,2.3,6.7,4.8,0.1,SW,14.7,42,1,1007.2,81.7,6.8,0,0,0,0,0,0,30,
2012-12-31,08:06,16:01,07:55:08,+1:01,06:02:00,18:04:00,06:43:00,17:24:00,07:26:00,16:41:00,12:03,147.099,11,9.4,8.2,6.5,0,12.1,SW,12.8,39,8,1000.4,89,9.9,0,0,0,0,0,0,31,
2013-01-01,08:06,16:02,07:56:16,+1:07,06:02:00,18:05:00,06:43:00,17:25:00,07:26:00,16:42:00,12:04,147.098,6.8,3.1,0.4,7,6.3,0,W,9.2,26,0,1006.1,86.1,5.2,0,0,0,0,0,0,1,
2013-01-02,08:06,16:03,07:57:29,+1:13,06:02:00,18:06:00,06:43:00,17:26:00,07:26:00,16:43:00,12:04,147.098,10.3,3.7,1,5.9,0,3.2,SW,8.8,24,8,1021.5,91.6,6.8,0,0,0,0,0,0,2,
2013-01-03,08:05,16:04,07:58:48,+1:19,06:02:00,18:07:00,06:43:00,17:27:00,07:26:00,16:44:00,12:05,147.099,11.3,8.6,7,6.4,0.7,0,W,9.1,26,7,1030.8,96.2,9.6,0,0,0,0,0,0,3,
2013-01-04,08:05,16:05,08:00:13,+1:25,06:02:00,18:08:00,06:43:00,17:28:00,07:25:00,16:45:00,12:05,147.1,9.5,8.7,7.9,7,3.1,0.1,W,7.3,21,8,1035.6,91.9,8.8,0,0,0,0,0,0,4,
2013-01-05,08:05,16:07,08:01:44,+1:31,06:02:00,18:09:00,06:43:00,17:29:00,07:25:00,16:46:00,12:06,147.103,11.1,7.4,7,7.1,1.8,0,SW,6.6,21,8,1033.6,93.6,8.6,0,0,0,0,0,0,5,
2013-01-06,08:04,16:08,08:03:21,+1:36,06:02:00,18:10:00,06:42:00,17:30:00,07:25:00,16:47:00,12:06,147.106,9.4,5.2,0.2,7,0,0.1,SW,5.3,18,8,1030.7,95.5,7.8,1,0,0,0,0,0,6,
2013-01-07,08:04,16:09,08:05:03,+1:42,06:02:00,18:11:00,06:42:00,17:31:00,07:25:00,16:48:00,12:06,147.11,9,6.5,6,7.3,0,0,S,6.8,20,8,1025.2,94,7.6,0,0,0,0,0,0,7,
2013-01-08,08:04,16:10,08:06:51,+1:47,06:01:00,18:12:00,06:42:00,17:32:00,07:24:00,16:50:00,12:07,147.114,10.9,7.4,5.4,7.3,2.3,4.4,SW,7.3,20,8,1022.4,91.1,9.3,0,0,0,0,0,0,8,
2013-01-09,08:03,16:12,08:08:44,+1:53,06:01:00,18:14:00,06:41:00,17:33:00,07:24:00,16:51:00,12:07,147.119,8.1,6,5.8,7.6,5.9,0.1,N,3.2,15,7,1020.3,93.9,5.7,0,0,0,0,0,0,9,
2013-01-10,08:02,16:13,08:10:43,+1:58,06:01:00,18:15:00,06:41:00,17:35:00,07:23:00,16:52:00,12:08,147.125,2.3,-0.3,-2.9,6.4,0,0.1,W,4.1,14,8,1014.9,97.6,1.1,1,1,0,0,0,0,10,
2013-01-11,08:02,16:15,08:12:46,+2:03,06:00:00,18:16:00,06:41:00,17:36:00,07:23:00,16:54:00,12:08,147.131,4,0.7,0.9,6,0,0,W,3.4,14,8,1016.8,98.1,2.1,0,0,0,0,0,0,11,
2013-01-12,08:01,16:16,08:14:54,+2:08,06:00:00,18:17:00,06:40:00,17:37:00,07:22:00,16:55:00,12:08,147.138,4.4,0.1,-2.9,5.4,0.2,0,E,4,21,7,1013.4,87.5,1.8,0,0,0,0,0,0,12,
2013-01-13,08:00,16:18,08:17:07,+2:13,06:00:00,18:18:00,06:40:00,17:38:00,07:22:00,16:56:00,12:09,147.145,1.2,-3.1,-7.5,4.8,1.1,1.4,NE,1.1,7,8,1019,90.8,-1.1,0,0,0,0,0,0,13,
2013-01-14,08:00,16:19,08:19:25,+2:17,05:59:00,18:20:00,06:39:00,17:40:00,07:21:00,16:58:00,12:09,147.152,1.1,-2,-5.1,4,0.1,2.5,S,6,22,8,1009.7,93.7,-0.1,0,0,1,1,0,0,14,
2013-01-15,07:59,16:21,08:21:48,+2:22,05:59:00,18:21:00,06:39:00,17:41:00,07:20:00,16:59:00,12:10,147.161,1,-0.7,-3,3.9,0.1,,NW,4.5,24,8,1008.6,95.4,-0.2,0,0,1,1,0,0,15,
2013-01-16,07:58,16:22,08:24:14,+2:26,05:58:00,18:22:00,06:38:00,17:42:00,07:20:00,17:01:00,12:10,147.17,-2.7,-4.5,-8.7,3.8,0,,W,1.1,7,8,1013.1,96.6,-3.6,1,1,1,1,0,0,16,
2013-01-17,07:57,16:24,08:26:45,+2:31,05:57:00,18:24:00,06:37:00,17:44:00,07:19:00,17:02:00,12:10,147.179,0.3,-7.5,-11,3.5,4.3,0,W,2,12,1,1016.9,94.8,-3.2,0,0,0,1,0,0,17,
2013-01-18,07:56,16:25,08:29:21,+2:35,05:57:00,18:25:00,06:36:00,17:45:00,07:18:00,17:03:00,12:11,147.189,-0.5,-2.6,-3,3.2,0,2.7,SE,5.3,22,8,1003.8,90.6,-1.7,0,0,1,1,0,0,18,
2013-01-19,07:55,16:27,08:32:00,+2:39,05:56:00,18:26:00,06:36:00,17:46:00,07:17:00,17:05:00,12:11,147.2,-0.2,-1.5,-1.4,3,0,0.2,NE,4.7,18,8,997.8,92.3,-0.9,0,0,1,1,0,0,19,
2013-01-20,07:54,16:29,08:34:43,+2:43,05:55:00,18:28:00,06:35:00,17:48:00,07:16:00,17:07:00,12:11,147.212,-0.3,-2,-2.3,3,0,7.9,NE,4.3,16,8,994.6,91.8,-1,0,0,1,1,0,0,20,
2013-01-21,07:53,16:30,08:37:30,+2:46,05:54:00,18:29:00,06:34:00,17:49:00,07:15:00,17:08:00,12:11,147.225,0.1,-1.6,-1.7,3,0,,E,3.3,13,8,993.8,94.2,-0.9,0,0,1,1,0,0,21,
2013-01-22,07:52,16:32,08:40:21,+2:50,05:54:00,18:30:00,06:33:00,17:51:00,07:14:00,17:10:00,12:12,147.238,1.6,-5.4,-10,3,0,0.1,SE,2.8,14,8,1002.1,93.6,-1,0,0,1,1,0,0,22,
2013-01-23,07:51,16:34,08:43:15,+2:54,05:53:00,18:32:00,06:32:00,17:52:00,07:13:00,17:11:00,12:12,147.252,0.9,-0.6,-1.4,3,0,,NE,3.1,14,8,1008.2,89.5,0.2,0,0,1,1,0,0,23,
2013-01-24,07:49,16:36,08:46:12,+2:57,05:52:00,18:33:00,06:31:00,17:54:00,07:12:00,17:13:00,12:12,147.267,1.3,-1,-1.4,3,0,0,NE,1.4,10,7,1016.5,87,0,0,0,0,1,0,0,24,
2013-01-25,07:48,16:37,08:49:13,+3:00,05:51:00,18:35:00,06:30:00,17:55:00,07:11:00,17:14:00,12:12,147.283,2.2,-3.5,-8,3,0,3,S,6.8,27,8,1012.9,87.1,-0.8,0,0,1,1,0,0,25,
2013-01-26,07:47,16:39,08:52:16,+3:03,05:50:00,18:36:00,06:29:00,17:57:00,07:10:00,17:16:00,12:13,147.299,9.8,0.5,-1.1,2.9,6,8,W,9.8,39,1,1004.5,92,3.3,0,0,1,1,0,0,26,
2013-01-27,07:45,16:41,08:55:23,+3:06,05:49:00,18:38:00,06:28:00,17:58:00,07:09:00,17:18:00,12:13,147.317,8.8,6,4.8,3.4,6.4,0,SW,15.1,38,3,995.3,82,7,0,0,0,0,0,0,27,
2013-01-28,07:44,16:43,08:58:33,+3:09,05:48:00,18:39:00,06:27:00,18:00:00,07:07:00,17:19:00,12:13,147.336,10.6,2,0.1,3.5,1.4,1.6,S,13.2,45,1,1002.8,85.8,5.9,0,0,0,0,0,0,28,
2013-01-29,07:43,16:44,09:01:45,+3:12,05:46:00,18:41:00,06:26:00,18:01:00,07:06:00,17:21:00,12:13,147.355,13.8,8.6,7,4.4,0,5.7,S,14.2,38,8,1000.3,87.4,11.4,0,0,0,0,0,0,29,
2013-01-30,07:41,16:46,09:05:00,+3:15,05:45:00,18:42:00,06:24:00,18:03:00,07:05:00,17:23:00,12:13,147.375,10.9,8.2,6.4,6,6.4,1.6,SW,14.4,37,7,1004.5,82.4,9,0,0,0,0,0,0,30,
2013-01-31,07:40,16:48,09:08:18,+3:17,05:44:00,18:44:00,06:23:00,18:05:00,07:03:00,17:24:00,12:13,147.396,10.5,6,3.8,5.6,6.5,2.7,SW,15.4,39,3,1009.3,77.8,7.9,0,0,0,0,0,0,31,
